<?xml version="1.0" encoding="UTF-8"?>
<kml xmlns="http://www.opengis.net/kml/2.2"><Document>
<name>Japan SA PA - Japanese + Romaji (proper)</name>
<description>Japanese SA/PA names with romaji readings. Unknown/non-standard names are left in Japanese rather than guessed.</description>
<Placemark><name>富士川サービスエリア</name><description><![CDATA[Original: 富士川サービスエリア<br/>Romaji: Fujikawa<br/>Source: OpenStreetMap-derived japan_pois.py]]></description><Point><coordinates>138.6174546,35.1610278,0</coordinates></Point></Placemark>
<Placemark><name>池田PA (Ikeda PA)</name><description><![CDATA[Original: 池田PA<br/>Romaji: Ikeda<br/>Source: OpenStreetMap-derived japan_pois.py]]></description><Point><coordinates>133.7065452,34.0065988,0</coordinates></Point></Placemark>
<Placemark><name>一向一揆の里</name><description><![CDATA[Original: 一向一揆の里<br/>Romaji: (not confidently available)<br/>Source: OpenStreetMap-derived japan_pois.py]]></description><Point><coordinates>136.6000664,36.3602342,0</coordinates></Point></Placemark>
<Placemark><name>瀬女</name><description><![CDATA[Original: 瀬女<br/>Romaji: (not confidently available)<br/>Source: OpenStreetMap-derived japan_pois.py]]></description><Point><coordinates>136.6498956,36.2882086,0</coordinates></Point></Placemark>
<Placemark><name>池田PA (Ikeda PA)</name><description><![CDATA[Original: 池田PA<br/>Romaji: Ikeda<br/>Source: OpenStreetMap-derived japan_pois.py]]></description><Point><coordinates>133.7067772,34.0052299,0</coordinates></Point></Placemark>
<Placemark><name>鞍手PA (Kurate PA)</name><description><![CDATA[Original: 鞍手PA<br/>Romaji: Kurate<br/>Source: OpenStreetMap-derived japan_pois.py]]></description><Point><coordinates>130.6900919,33.7746244,0</coordinates></Point></Placemark>
<Placemark><name>井上PA (Inoue PA)</name><description><![CDATA[Original: 井上PA<br/>Romaji: Inoue<br/>Source: OpenStreetMap-derived japan_pois.py]]></description><Point><coordinates>130.5741326,33.4008215,0</coordinates></Point></Placemark>
<Placemark><name>里の駅 大原</name><description><![CDATA[Original: 里の駅 大原<br/>Romaji: (not confidently available)<br/>Source: OpenStreetMap-derived japan_pois.py]]></description><Point><coordinates>135.8233733,35.1141332,0</coordinates></Point></Placemark>
<Placemark><name>英インターチェンジ</name><description><![CDATA[Original: 英インターチェンジ<br/>Romaji: (not confidently available)<br/>Source: OpenStreetMap-derived japan_pois.py]]></description><Point><coordinates>139.5467197,35.8146507,0</coordinates></Point></Placemark>
<Placemark><name>安濃サービスエリア</name><description><![CDATA[Original: 安濃サービスエリア<br/>Romaji: Anno<br/>Source: OpenStreetMap-derived japan_pois.py]]></description><Point><coordinates>136.4679712,34.7791337,0</coordinates></Point></Placemark>
<Placemark><name>津田の松原SA (Tsuda-no-Matsubara SA)</name><description><![CDATA[Original: 津田の松原SA<br/>Romaji: Tsuda-no-Matsubara<br/>Source: OpenStreetMap-derived japan_pois.py]]></description><Point><coordinates>134.2641722,34.2768986,0</coordinates></Point></Placemark>
<Placemark><name>かつぬま総合観光 センター農協直売</name><description><![CDATA[Original: かつぬま総合観光 センター農協直売<br/>Romaji: (not confidently available)<br/>Source: OpenStreetMap-derived japan_pois.py]]></description><Point><coordinates>138.7169190,35.6527766,0</coordinates></Point></Placemark>
<Placemark><name>浅虫温泉観光協会</name><description><![CDATA[Original: 浅虫温泉観光協会<br/>Romaji: (not confidently available)<br/>Source: OpenStreetMap-derived japan_pois.py]]></description><Point><coordinates>140.8614511,40.8918478,0</coordinates></Point></Placemark>
<Placemark><name>浜松トラックステーション</name><description><![CDATA[Original: 浜松トラックステーション<br/>Romaji: (not confidently available)<br/>Source: OpenStreetMap-derived japan_pois.py]]></description><Point><coordinates>137.7889002,34.7409971,0</coordinates></Point></Placemark>
<Placemark><name>百貨店の駅</name><description><![CDATA[Original: 百貨店の駅<br/>Romaji: (not confidently available)<br/>Source: OpenStreetMap-derived japan_pois.py]]></description><Point><coordinates>140.4645325,36.3783187,0</coordinates></Point></Placemark>
<Placemark><name>まちの駅 北口駅前の駅</name><description><![CDATA[Original: まちの駅 北口駅前の駅<br/>Romaji: (not confidently available)<br/>Source: OpenStreetMap-derived japan_pois.py]]></description><Point><coordinates>140.4749845,36.3723086,0</coordinates></Point></Placemark>
<Placemark><name>まちの駅</name><description><![CDATA[Original: まちの駅<br/>Romaji: (not confidently available)<br/>Source: OpenStreetMap-derived japan_pois.py]]></description><Point><coordinates>140.4590858,36.3799857,0</coordinates></Point></Placemark>
<Placemark><name>芸術の駅</name><description><![CDATA[Original: 芸術の駅<br/>Romaji: (not confidently available)<br/>Source: OpenStreetMap-derived japan_pois.py]]></description><Point><coordinates>140.4654005,36.3805291,0</coordinates></Point></Placemark>
<Placemark><name>ウォークインゲート高坂SA (Walk-in Gate Takasaka SA)</name><description><![CDATA[Original: ウォークインゲート高坂SA<br/>Romaji: Walk-in Gate Takasaka<br/>Source: OpenStreetMap-derived japan_pois.py]]></description><Point><coordinates>139.3848689,35.9850102,0</coordinates></Point></Placemark>
<Placemark><name>旬の里</name><description><![CDATA[Original: 旬の里<br/>Romaji: (not confidently available)<br/>Source: OpenStreetMap-derived japan_pois.py]]></description><Point><coordinates>134.3349574,35.1821414,0</coordinates></Point></Placemark>
<Placemark><name>ひびき休息所</name><description><![CDATA[Original: ひびき休息所<br/>Romaji: (not confidently available)<br/>Source: OpenStreetMap-derived japan_pois.py]]></description><Point><coordinates>133.5771755,33.9713603,0</coordinates></Point></Placemark>
<Placemark><name>峠の茶屋</name><description><![CDATA[Original: 峠の茶屋<br/>Romaji: (not confidently available)<br/>Source: OpenStreetMap-derived japan_pois.py]]></description><Point><coordinates>141.0956288,42.8565007,0</coordinates></Point></Placemark>
<Placemark><name>おひさまテラス (ohisamaterasu)</name><description><![CDATA[Original: おひさまテラス<br/>Romaji: ohisamaterasu<br/>Source: OpenStreetMap-derived japan_pois.py]]></description><Point><coordinates>138.0161770,34.6630497,0</coordinates></Point></Placemark>
<Placemark><name>しかべ間歇泉公園</name><description><![CDATA[Original: しかべ間歇泉公園<br/>Romaji: (not confidently available)<br/>Source: OpenStreetMap-derived japan_pois.py]]></description><Point><coordinates>140.8307745,42.0285142,0</coordinates></Point></Placemark>
<Placemark><name>道くさの駅</name><description><![CDATA[Original: 道くさの駅<br/>Romaji: (not confidently available)<br/>Source: OpenStreetMap-derived japan_pois.py]]></description><Point><coordinates>134.3020931,35.2290020,0</coordinates></Point></Placemark>
<Placemark><name>駅の駅くしま</name><description><![CDATA[Original: 駅の駅くしま<br/>Romaji: (not confidently available)<br/>Source: OpenStreetMap-derived japan_pois.py]]></description><Point><coordinates>131.2303187,31.4628847,0</coordinates></Point></Placemark>
<Placemark><name>RUINS</name><description><![CDATA[Original: RUINS<br/>Romaji: (not confidently available)<br/>Source: OpenStreetMap-derived japan_pois.py]]></description><Point><coordinates>132.5003617,35.1921737,0</coordinates></Point></Placemark>
<Placemark><name>槍ノ尾サービスエリア (Yarinowo Service Area)</name><description><![CDATA[Original: 槍ノ尾サービスエリア<br/>Romaji: (not confidently available)<br/>Source: OpenStreetMap-derived japan_pois.py]]></description><Point><coordinates>134.2063185,33.9313759,0</coordinates></Point></Placemark>
<Placemark><name>舟屋の里伊根</name><description><![CDATA[Original: 舟屋の里伊根<br/>Romaji: (not confidently available)<br/>Source: OpenStreetMap-derived japan_pois.py]]></description><Point><coordinates>135.2912270,35.6747054,0</coordinates></Point></Placemark>
<Placemark><name>まちゆい (machiyui)</name><description><![CDATA[Original: まちゆい<br/>Romaji: machiyui<br/>Source: OpenStreetMap-derived japan_pois.py]]></description><Point><coordinates>137.1711953,35.3336244,0</coordinates></Point></Placemark>
<Placemark><name>かまえインターパーク (kamaeintapaku)</name><description><![CDATA[Original: かまえインターパーク<br/>Romaji: kamaeintapaku<br/>Source: OpenStreetMap-derived japan_pois.py]]></description><Point><coordinates>131.8933503,32.8053605,0</coordinates></Point></Placemark>
<Placemark><name>彩甲斐街道 出会いの丘</name><description><![CDATA[Original: 彩甲斐街道 出会いの丘<br/>Romaji: (not confidently available)<br/>Source: OpenStreetMap-derived japan_pois.py]]></description><Point><coordinates>138.8182664,35.9122723,0</coordinates></Point></Placemark>
<Placemark><name>大川村結いの里・村のえき</name><description><![CDATA[Original: 大川村結いの里・村のえき<br/>Romaji: (not confidently available)<br/>Source: OpenStreetMap-derived japan_pois.py]]></description><Point><coordinates>133.4745535,33.7823671,0</coordinates></Point></Placemark>
<Placemark><name>うずまちテラス (uzumachiterasu)</name><description><![CDATA[Original: うずまちテラス<br/>Romaji: uzumachiterasu<br/>Source: OpenStreetMap-derived japan_pois.py]]></description><Point><coordinates>134.6719519,34.2479026,0</coordinates></Point></Placemark>
<Placemark><name>トラベルプラザ　サンシャイン (toraberupuraza sanshain)</name><description><![CDATA[Original: トラベルプラザ　サンシャイン<br/>Romaji: toraberupuraza sanshain<br/>Source: OpenStreetMap-derived japan_pois.py]]></description><Point><coordinates>141.2596812,41.1243174,0</coordinates></Point></Placemark>
<Placemark><name>まちの駅笠間宿</name><description><![CDATA[Original: まちの駅笠間宿<br/>Romaji: (not confidently available)<br/>Source: OpenStreetMap-derived japan_pois.py]]></description><Point><coordinates>140.2604144,36.3699977,0</coordinates></Point></Placemark>
<Placemark><name>味の蔵たけとよ</name><description><![CDATA[Original: 味の蔵たけとよ<br/>Romaji: (not confidently available)<br/>Source: OpenStreetMap-derived japan_pois.py]]></description><Point><coordinates>136.9243085,34.8447550,0</coordinates></Point></Placemark>
<Placemark><name>愛鷹パーキングエリア</name><description><![CDATA[Original: 愛鷹パーキングエリア<br/>Romaji: Ashitaka<br/>Source: OpenStreetMap-derived japan_pois.py]]></description><Point><coordinates>138.8365784,35.1423625,0</coordinates></Point></Placemark>
<Placemark><name>駒門PA (上り) (Komakado PA (Nobori))</name><description><![CDATA[Original: 駒門PA (上り)<br/>Romaji: Komakado<br/>Source: OpenStreetMap-derived japan_pois.py]]></description><Point><coordinates>138.9092176,35.2531811,0</coordinates></Point></Placemark>
<Placemark><name>花巻PA (上り) (Hanamaki PA (Nobori))</name><description><![CDATA[Original: 花巻PA (上り)<br/>Romaji: Hanamaki<br/>Source: OpenStreetMap-derived japan_pois.py]]></description><Point><coordinates>141.0928222,39.3693610,0</coordinates></Point></Placemark>
<Placemark><name>花巻PA (下り) (Hanamaki PA (Kudari))</name><description><![CDATA[Original: 花巻PA (下り)<br/>Romaji: Hanamaki<br/>Source: OpenStreetMap-derived japan_pois.py]]></description><Point><coordinates>141.0917689,39.3694815,0</coordinates></Point></Placemark>
<Placemark><name>羽生PA (下り) (Hanyu PA (Kudari))</name><description><![CDATA[Original: 羽生PA (下り)<br/>Romaji: Hanyu<br/>Source: OpenStreetMap-derived japan_pois.py]]></description><Point><coordinates>139.5854883,36.1808531,0</coordinates></Point></Placemark>
<Placemark><name>蓮田SA (下り) (Hasuda SA (Kudari))</name><description><![CDATA[Original: 蓮田SA (下り)<br/>Romaji: Hasuda<br/>Source: OpenStreetMap-derived japan_pois.py]]></description><Point><coordinates>139.6666904,36.0000793,0</coordinates></Point></Placemark>
<Placemark><name>上河内SA (下り) (Kamikochi SA (Kudari))</name><description><![CDATA[Original: 上河内SA (下り)<br/>Romaji: Kamikochi<br/>Source: OpenStreetMap-derived japan_pois.py]]></description><Point><coordinates>139.8886953,36.6889208,0</coordinates></Point></Placemark>
<Placemark><name>上河内SA (上り) (Kamikochi SA (Nobori))</name><description><![CDATA[Original: 上河内SA (上り)<br/>Romaji: Kamikochi<br/>Source: OpenStreetMap-derived japan_pois.py]]></description><Point><coordinates>139.8923123,36.6912360,0</coordinates></Point></Placemark>
<Placemark><name>静岡SA (下り) (Shizuoka SA (Kudari))</name><description><![CDATA[Original: 静岡SA (下り)<br/>Romaji: Shizuoka<br/>Source: OpenStreetMap-derived japan_pois.py]]></description><Point><coordinates>138.2904518,34.9682337,0</coordinates></Point></Placemark>
<Placemark><name>山田SA (上り) (Yamada SA (Nobori))</name><description><![CDATA[Original: 山田SA (上り)<br/>Romaji: Yamada<br/>Source: OpenStreetMap-derived japan_pois.py]]></description><Point><coordinates>130.7542725,33.3736843,0</coordinates></Point></Placemark>
<Placemark><name>山田SA (下り) (Yamada SA (Kudari))</name><description><![CDATA[Original: 山田SA (下り)<br/>Romaji: Yamada<br/>Source: OpenStreetMap-derived japan_pois.py]]></description><Point><coordinates>130.7547160,33.3757623,0</coordinates></Point></Placemark>
<Placemark><name>新潟ふるさと村</name><description><![CDATA[Original: 新潟ふるさと村<br/>Romaji: (not confidently available)<br/>Source: OpenStreetMap-derived japan_pois.py]]></description><Point><coordinates>139.0199740,37.8653573,0</coordinates></Point></Placemark>
<Placemark><name>桂川PA (下り) (Katsuragawa PA (Kudari))</name><description><![CDATA[Original: 桂川PA (下り)<br/>Romaji: Katsuragawa<br/>Source: OpenStreetMap-derived japan_pois.py]]></description><Point><coordinates>135.7222297,34.9433644,0</coordinates></Point></Placemark>
<Placemark><name>静岡SA (上り) (Shizuoka SA (Nobori))</name><description><![CDATA[Original: 静岡SA (上り)<br/>Romaji: Shizuoka<br/>Source: OpenStreetMap-derived japan_pois.py]]></description><Point><coordinates>138.2928050,34.9798300,0</coordinates></Point></Placemark>
<Placemark><name>狭山PA (外回り) (Sayama PA (Sotomawari))</name><description><![CDATA[Original: 狭山PA (外回り)<br/>Romaji: Sayama<br/>Source: OpenStreetMap-derived japan_pois.py]]></description><Point><coordinates>139.3652602,35.8521219,0</coordinates></Point></Placemark>
<Placemark><name>狭山PA (内回り) (Sayama PA (Uchimawari))</name><description><![CDATA[Original: 狭山PA (内回り)<br/>Romaji: Sayama<br/>Source: OpenStreetMap-derived japan_pois.py]]></description><Point><coordinates>139.3669654,35.8518650,0</coordinates></Point></Placemark>
<Placemark><name>野幌PA (上り) (Nonkoro PA (Nobori))</name><description><![CDATA[Original: 野幌PA (上り)<br/>Romaji: Nonkoro<br/>Source: OpenStreetMap-derived japan_pois.py]]></description><Point><coordinates>141.5348725,43.0791946,0</coordinates></Point></Placemark>
<Placemark><name>野幌PA (下り) (Nonkoro PA (Kudari))</name><description><![CDATA[Original: 野幌PA (下り)<br/>Romaji: Nonkoro<br/>Source: OpenStreetMap-derived japan_pois.py]]></description><Point><coordinates>141.5326860,43.0806224,0</coordinates></Point></Placemark>
<Placemark><name>那須高原SA (下り) (Nasukogen SA (Kudari))</name><description><![CDATA[Original: 那須高原SA (下り)<br/>Romaji: Nasukogen<br/>Source: OpenStreetMap-derived japan_pois.py]]></description><Point><coordinates>140.0994460,37.0572518,0</coordinates></Point></Placemark>
<Placemark><name>那須高原SA (上り) (Nasukogen SA (Nobori))</name><description><![CDATA[Original: 那須高原SA (上り)<br/>Romaji: Nasukogen<br/>Source: OpenStreetMap-derived japan_pois.py]]></description><Point><coordinates>140.1011473,37.0558517,0</coordinates></Point></Placemark>
<Placemark><name>矢板北PA (下り) (Yaita-kita PA (Kudari))</name><description><![CDATA[Original: 矢板北PA (下り)<br/>Romaji: Yaita-kita<br/>Source: OpenStreetMap-derived japan_pois.py]]></description><Point><coordinates>139.9080345,36.8221096,0</coordinates></Point></Placemark>
<Placemark><name>矢板北PA (上り) (Yaita-kita PA (Nobori))</name><description><![CDATA[Original: 矢板北PA (上り)<br/>Romaji: Yaita-kita<br/>Source: OpenStreetMap-derived japan_pois.py]]></description><Point><coordinates>139.9085204,36.8230124,0</coordinates></Point></Placemark>
<Placemark><name>市原SA (下り) (Ichihara SA (Kudari))</name><description><![CDATA[Original: 市原SA (下り)<br/>Romaji: Ichihara<br/>Source: OpenStreetMap-derived japan_pois.py]]></description><Point><coordinates>140.0859996,35.4586158,0</coordinates></Point></Placemark>
<Placemark><name>美濃加茂SA (Minokamo SA)</name><description><![CDATA[Original: 美濃加茂SA<br/>Romaji: Minokamo<br/>Source: OpenStreetMap-derived japan_pois.py]]></description><Point><coordinates>137.0253106,35.4723822,0</coordinates></Point></Placemark>
<Placemark><name>伊芸SA (上り) (Igei SA (Nobori))</name><description><![CDATA[Original: 伊芸SA (上り)<br/>Romaji: Igei<br/>Source: OpenStreetMap-derived japan_pois.py]]></description><Point><coordinates>127.8712099,26.4593813,0</coordinates></Point></Placemark>
<Placemark><name>大積PA (下り) (Otsumi PA (Kudari))</name><description><![CDATA[Original: 大積PA (下り)<br/>Romaji: Otsumi<br/>Source: OpenStreetMap-derived japan_pois.py]]></description><Point><coordinates>138.7293081,37.4388108,0</coordinates></Point></Placemark>
<Placemark><name>大積PA (上り) (Otsumi PA (Nobori))</name><description><![CDATA[Original: 大積PA (上り)<br/>Romaji: Otsumi<br/>Source: OpenStreetMap-derived japan_pois.py]]></description><Point><coordinates>138.7322575,37.4387878,0</coordinates></Point></Placemark>
<Placemark><name>一ツ葉PA (上り) (Hitotsuba PA (Nobori))</name><description><![CDATA[Original: 一ツ葉PA (上り)<br/>Romaji: Hitotsuba<br/>Source: OpenStreetMap-derived japan_pois.py]]></description><Point><coordinates>131.4782045,31.9679106,0</coordinates></Point></Placemark>
<Placemark><name>山谷PA (上り) (Yamatani PA (Nobori))</name><description><![CDATA[Original: 山谷PA (上り)<br/>Romaji: Yamatani<br/>Source: OpenStreetMap-derived japan_pois.py]]></description><Point><coordinates>138.7829484,37.3255384,0</coordinates></Point></Placemark>
<Placemark><name>山谷PA (下り) (Yamatani PA (Kudari))</name><description><![CDATA[Original: 山谷PA (下り)<br/>Romaji: Yamatani<br/>Source: OpenStreetMap-derived japan_pois.py]]></description><Point><coordinates>138.7815519,37.3255938,0</coordinates></Point></Placemark>
<Placemark><name>伊予灘SA(上り) (Iyo-nada SA (Nobori))</name><description><![CDATA[Original: 伊予灘ＳＡ（上り）<br/>Romaji: Iyo-nada<br/>Source: OpenStreetMap-derived japan_pois.py]]></description><Point><coordinates>132.7529937,33.7709254,0</coordinates></Point></Placemark>
<Placemark><name>千曲川さかきPA (上り) (Chikumagawa Sakaki PA (Nobori))</name><description><![CDATA[Original: 千曲川さかきPA (上り)<br/>Romaji: Chikumagawa Sakaki<br/>Source: OpenStreetMap-derived japan_pois.py]]></description><Point><coordinates>138.2010033,36.4566360,0</coordinates></Point></Placemark>
<Placemark><name>千曲川さかきPA (下り) (Chikumagawa Sakaki PA (Kudari))</name><description><![CDATA[Original: 千曲川さかきPA (下り)<br/>Romaji: Chikumagawa Sakaki<br/>Source: OpenStreetMap-derived japan_pois.py]]></description><Point><coordinates>138.1999066,36.4555804,0</coordinates></Point></Placemark>
<Placemark><name>君津PA (上り) (Kimitsu PA (Nobori))</name><description><![CDATA[Original: 君津PA (上り)<br/>Romaji: Kimitsu<br/>Source: OpenStreetMap-derived japan_pois.py]]></description><Point><coordinates>139.9259381,35.2833299,0</coordinates></Point></Placemark>
<Placemark><name>君津PA (下り) (Kimitsu PA (Kudari))</name><description><![CDATA[Original: 君津PA (下り)<br/>Romaji: Kimitsu<br/>Source: OpenStreetMap-derived japan_pois.py]]></description><Point><coordinates>139.9271399,35.2831094,0</coordinates></Point></Placemark>
<Placemark><name>安濃SA (下り) (Anno SA (Kudari))</name><description><![CDATA[Original: 安濃SA (下り)<br/>Romaji: Anno<br/>Source: OpenStreetMap-derived japan_pois.py]]></description><Point><coordinates>136.4715911,34.7777872,0</coordinates></Point></Placemark>
<Placemark><name>米山SA (下り) (Yoneyama SA (Kudari))</name><description><![CDATA[Original: 米山SA (下り)<br/>Romaji: Yoneyama<br/>Source: OpenStreetMap-derived japan_pois.py]]></description><Point><coordinates>138.4755972,37.3382413,0</coordinates></Point></Placemark>
<Placemark><name>刈羽PA (上り) (Kariwa PA (Nobori))</name><description><![CDATA[Original: 刈羽PA (上り)<br/>Romaji: Kariwa<br/>Source: OpenStreetMap-derived japan_pois.py]]></description><Point><coordinates>138.6455020,37.4259474,0</coordinates></Point></Placemark>
<Placemark><name>刈羽PA (下り) (Kariwa PA (Kudari))</name><description><![CDATA[Original: 刈羽PA (下り)<br/>Romaji: Kariwa<br/>Source: OpenStreetMap-derived japan_pois.py]]></description><Point><coordinates>138.6448666,37.4265029,0</coordinates></Point></Placemark>
<Placemark><name>大潟PA (上り) (Ogata PA (Nobori))</name><description><![CDATA[Original: 大潟PA (上り)<br/>Romaji: Ogata<br/>Source: OpenStreetMap-derived japan_pois.py]]></description><Point><coordinates>138.3254683,37.2162694,0</coordinates></Point></Placemark>
<Placemark><name>大潟PA (下り) (Ogata PA (Kudari))</name><description><![CDATA[Original: 大潟PA (下り)<br/>Romaji: Ogata<br/>Source: OpenStreetMap-derived japan_pois.py]]></description><Point><coordinates>138.3247681,37.2170338,0</coordinates></Point></Placemark>
<Placemark><name>栄PA (上り) (Sakae PA (Nobori))</name><description><![CDATA[Original: 栄PA (上り)<br/>Romaji: Sakae<br/>Source: OpenStreetMap-derived japan_pois.py]]></description><Point><coordinates>138.9095366,37.6055235,0</coordinates></Point></Placemark>
<Placemark><name>栄PA (下り) (Sakae PA (Kudari))</name><description><![CDATA[Original: 栄PA (下り)<br/>Romaji: Sakae<br/>Source: OpenStreetMap-derived japan_pois.py]]></description><Point><coordinates>138.9089533,37.6063724,0</coordinates></Point></Placemark>
<Placemark><name>黒埼PA (上り) (Kurosaki PA (Nobori))</name><description><![CDATA[Original: 黒埼PA (上り)<br/>Romaji: Kurosaki<br/>Source: OpenStreetMap-derived japan_pois.py]]></description><Point><coordinates>138.9778974,37.8175325,0</coordinates></Point></Placemark>
<Placemark><name>黒埼PA (下り) (Kurosaki PA (Kudari))</name><description><![CDATA[Original: 黒埼PA (下り)<br/>Romaji: Kurosaki<br/>Source: OpenStreetMap-derived japan_pois.py]]></description><Point><coordinates>138.9837466,37.8241910,0</coordinates></Point></Placemark>
<Placemark><name>大和PA (下り) (Yamato PA (Kudari))</name><description><![CDATA[Original: 大和PA (下り)<br/>Romaji: Yamato<br/>Source: OpenStreetMap-derived japan_pois.py]]></description><Point><coordinates>138.9503320,37.1641347,0</coordinates></Point></Placemark>
<Placemark><name>大和PA (上り) (Yamato PA (Nobori))</name><description><![CDATA[Original: 大和PA (上り)<br/>Romaji: Yamato<br/>Source: OpenStreetMap-derived japan_pois.py]]></description><Point><coordinates>138.9515400,37.1639747,0</coordinates></Point></Placemark>
<Placemark><name>越後川口SA (下り) (Echigo-Kawaguchi SA (Kudari))</name><description><![CDATA[Original: 越後川口SA (下り)<br/>Romaji: Echigo-Kawaguchi<br/>Source: OpenStreetMap-derived japan_pois.py]]></description><Point><coordinates>138.8412346,37.2710367,0</coordinates></Point></Placemark>
<Placemark><name>越後川口SA (上り) (Echigo-Kawaguchi SA (Nobori))</name><description><![CDATA[Original: 越後川口SA (上り)<br/>Romaji: Echigo-Kawaguchi<br/>Source: OpenStreetMap-derived japan_pois.py]]></description><Point><coordinates>138.8373233,37.2717326,0</coordinates></Point></Placemark>
<Placemark><name>土樽PA (上り) (Tsuchitaru PA (Nobori))</name><description><![CDATA[Original: 土樽PA (上り)<br/>Romaji: Tsuchitaru<br/>Source: OpenStreetMap-derived japan_pois.py]]></description><Point><coordinates>138.8756517,36.8667441,0</coordinates></Point></Placemark>
<Placemark><name>土樽PA (下り) (Tsuchitaru PA (Kudari))</name><description><![CDATA[Original: 土樽PA (下り)<br/>Romaji: Tsuchitaru<br/>Source: OpenStreetMap-derived japan_pois.py]]></description><Point><coordinates>138.8742896,36.8640996,0</coordinates></Point></Placemark>
<Placemark><name>塩沢石打SA (上り) (Shiozawa-Ishiuchi SA (Nobori))</name><description><![CDATA[Original: 塩沢石打SA (上り)<br/>Romaji: Shiozawa-Ishiuchi<br/>Source: OpenStreetMap-derived japan_pois.py]]></description><Point><coordinates>138.8121729,36.9796966,0</coordinates></Point></Placemark>
<Placemark><name>塩沢石打SA (下り) (Shiozawa-Ishiuchi SA (Kudari))</name><description><![CDATA[Original: 塩沢石打SA (下り)<br/>Romaji: Shiozawa-Ishiuchi<br/>Source: OpenStreetMap-derived japan_pois.py]]></description><Point><coordinates>138.8187492,36.9968265,0</coordinates></Point></Placemark>
<Placemark><name>東部湯の丸SA (上り) (Tobu-Yunomaru SA (Nobori))</name><description><![CDATA[Original: 東部湯の丸SA (上り)<br/>Romaji: Tobu-Yunomaru<br/>Source: OpenStreetMap-derived japan_pois.py]]></description><Point><coordinates>138.3479237,36.3723312,0</coordinates></Point></Placemark>
<Placemark><name>東部湯の丸SA (下り) (Tobu-Yunomaru SA (Kudari))</name><description><![CDATA[Original: 東部湯の丸SA (下り)<br/>Romaji: Tobu-Yunomaru<br/>Source: OpenStreetMap-derived japan_pois.py]]></description><Point><coordinates>138.3467623,36.3709897,0</coordinates></Point></Placemark>
<Placemark><name>甘楽PA (上り) (Kanra PA (Nobori))</name><description><![CDATA[Original: 甘楽PA (上り)<br/>Romaji: Kanra<br/>Source: OpenStreetMap-derived japan_pois.py]]></description><Point><coordinates>138.9451266,36.2421225,0</coordinates></Point></Placemark>
<Placemark><name>横川SA (下り) (Yokokawa SA (Kudari))</name><description><![CDATA[Original: 横川SA (下り)<br/>Romaji: Yokokawa<br/>Source: OpenStreetMap-derived japan_pois.py]]></description><Point><coordinates>138.7394018,36.3397277,0</coordinates></Point></Placemark>
<Placemark><name>横川SA (上り) (Yokokawa SA (Nobori))</name><description><![CDATA[Original: 横川SA (上り)<br/>Romaji: Yokokawa<br/>Source: OpenStreetMap-derived japan_pois.py]]></description><Point><coordinates>138.7399015,36.3413461,0</coordinates></Point></Placemark>
<Placemark><name>谷川岳PA (下り) (Tanigawadake PA (Kudari))</name><description><![CDATA[Original: 谷川岳PA (下り)<br/>Romaji: Tanigawadake<br/>Source: OpenStreetMap-derived japan_pois.py]]></description><Point><coordinates>138.9425470,36.7781005,0</coordinates></Point></Placemark>
<Placemark><name>谷川岳PA (上り) (Tanigawadake PA (Nobori))</name><description><![CDATA[Original: 谷川岳PA (上り)<br/>Romaji: Tanigawadake<br/>Source: OpenStreetMap-derived japan_pois.py]]></description><Point><coordinates>138.9447005,36.7783057,0</coordinates></Point></Placemark>
<Placemark><name>下牧PA (上り) (Shimomaki PA (Nobori))</name><description><![CDATA[Original: 下牧PA (上り)<br/>Romaji: Shimomaki<br/>Source: OpenStreetMap-derived japan_pois.py]]></description><Point><coordinates>138.9849640,36.7059308,0</coordinates></Point></Placemark>
<Placemark><name>下牧PA (下り) (Shimomaki PA (Kudari))</name><description><![CDATA[Original: 下牧PA (下り)<br/>Romaji: Shimomaki<br/>Source: OpenStreetMap-derived japan_pois.py]]></description><Point><coordinates>138.9854073,36.7013465,0</coordinates></Point></Placemark>
<Placemark><name>豊栄SA (下り) (Toyosaka SA (Kudari))</name><description><![CDATA[Original: 豊栄SA (下り)<br/>Romaji: Toyosaka<br/>Source: OpenStreetMap-derived japan_pois.py]]></description><Point><coordinates>139.1592812,37.9151678,0</coordinates></Point></Placemark>
<Placemark><name>豊栄SA (上り) (Toyosaka SA (Nobori))</name><description><![CDATA[Original: 豊栄SA (上り)<br/>Romaji: Toyosaka<br/>Source: OpenStreetMap-derived japan_pois.py]]></description><Point><coordinates>139.1596954,37.9138423,0</coordinates></Point></Placemark>
<Placemark><name>赤城PA (上り) (Akagi PA (Nobori))</name><description><![CDATA[Original: 赤城PA (上り)<br/>Romaji: Akagi<br/>Source: OpenStreetMap-derived japan_pois.py]]></description><Point><coordinates>139.0487514,36.5370631,0</coordinates></Point></Placemark>
<Placemark><name>赤城PA (下り) (Akagi PA (Kudari))</name><description><![CDATA[Original: 赤城PA (下り)<br/>Romaji: Akagi<br/>Source: OpenStreetMap-derived japan_pois.py]]></description><Point><coordinates>139.0478080,36.5376957,0</coordinates></Point></Placemark>
<Placemark><name>赤城高原SA (上り) (Akagi Kogen SA (Nobori))</name><description><![CDATA[Original: 赤城高原SA (上り)<br/>Romaji: Akagi Kogen<br/>Source: OpenStreetMap-derived japan_pois.py]]></description><Point><coordinates>139.0646200,36.6016304,0</coordinates></Point></Placemark>
<Placemark><name>赤城高原SA (下り) (Akagi Kogen SA (Kudari))</name><description><![CDATA[Original: 赤城高原SA (下り)<br/>Romaji: Akagi Kogen<br/>Source: OpenStreetMap-derived japan_pois.py]]></description><Point><coordinates>139.0606882,36.6025882,0</coordinates></Point></Placemark>
<Placemark><name>筑北PA(上り) (Chikuhoku PA (Nobori))</name><description><![CDATA[Original: 筑北PA（上り）<br/>Romaji: Chikuhoku<br/>Source: OpenStreetMap-derived japan_pois.py]]></description><Point><coordinates>138.0258617,36.4350857,0</coordinates></Point></Placemark>
<Placemark><name>筑北PA (下り) (Chikuhoku PA (Kudari))</name><description><![CDATA[Original: 筑北PA (下り)<br/>Romaji: Chikuhoku<br/>Source: OpenStreetMap-derived japan_pois.py]]></description><Point><coordinates>138.0168318,36.4363604,0</coordinates></Point></Placemark>
<Placemark><name>姨捨SA (上り) (Obasute SA (Nobori))</name><description><![CDATA[Original: 姨捨SA (上り)<br/>Romaji: Obasute<br/>Source: OpenStreetMap-derived japan_pois.py]]></description><Point><coordinates>138.0974173,36.4975344,0</coordinates></Point></Placemark>
<Placemark><name>姨捨SA (下り) (Obasute SA (Kudari))</name><description><![CDATA[Original: 姨捨SA (下り)<br/>Romaji: Obasute<br/>Source: OpenStreetMap-derived japan_pois.py]]></description><Point><coordinates>138.0954298,36.4967816,0</coordinates></Point></Placemark>
<Placemark><name>梓川SA (上り) (Azusagawa SA (Nobori))</name><description><![CDATA[Original: 梓川SA (上り)<br/>Romaji: Azusagawa<br/>Source: OpenStreetMap-derived japan_pois.py]]></description><Point><coordinates>137.9320589,36.2707293,0</coordinates></Point></Placemark>
<Placemark><name>梓川SA (下り) (Azusagawa SA (Kudari))</name><description><![CDATA[Original: 梓川SA (下り)<br/>Romaji: Azusagawa<br/>Source: OpenStreetMap-derived japan_pois.py]]></description><Point><coordinates>137.9338460,36.2607503,0</coordinates></Point></Placemark>
<Placemark><name>みどり湖PA (下り) (Midoriko PA (Kudari))</name><description><![CDATA[Original: みどり湖PA (下り)<br/>Romaji: Midoriko<br/>Source: OpenStreetMap-derived japan_pois.py]]></description><Point><coordinates>137.9971418,36.0969722,0</coordinates></Point></Placemark>
<Placemark><name>みどり湖PA (上り) (Midoriko PA (Nobori))</name><description><![CDATA[Original: みどり湖PA (上り)<br/>Romaji: Midoriko<br/>Source: OpenStreetMap-derived japan_pois.py]]></description><Point><coordinates>137.9959505,36.0994015,0</coordinates></Point></Placemark>
<Placemark><name>堀之内PA (下り) (Horinouchi PA (Kudari))</name><description><![CDATA[Original: 堀之内PA (下り)<br/>Romaji: Horinouchi<br/>Source: OpenStreetMap-derived japan_pois.py]]></description><Point><coordinates>138.9258360,37.2551240,0</coordinates></Point></Placemark>
<Placemark><name>堀之内PA (上り) (Horinouchi PA (Nobori))</name><description><![CDATA[Original: 堀之内PA (上り)<br/>Romaji: Horinouchi<br/>Source: OpenStreetMap-derived japan_pois.py]]></description><Point><coordinates>138.9270154,37.2555848,0</coordinates></Point></Placemark>
<Placemark><name>釈迦堂PA (下り) (Shakado PA (Kudari))</name><description><![CDATA[Original: 釈迦堂PA (下り)<br/>Romaji: Shakado<br/>Source: OpenStreetMap-derived japan_pois.py]]></description><Point><coordinates>138.7140769,35.6444421,0</coordinates></Point></Placemark>
<Placemark><name>足柄SA (上り) (Ashigara SA (Nobori))</name><description><![CDATA[Original: 足柄SA (上り)<br/>Romaji: Ashigara<br/>Source: OpenStreetMap-derived japan_pois.py]]></description><Point><coordinates>138.9633341,35.3146928,0</coordinates></Point></Placemark>
<Placemark><name>出流原PA (東行き) (Izuruhara PA (Higashi-yuki))</name><description><![CDATA[Original: 出流原PA (東行き)<br/>Romaji: Izuruhara<br/>Source: OpenStreetMap-derived japan_pois.py]]></description><Point><coordinates>139.5475923,36.3678348,0</coordinates></Point></Placemark>
<Placemark><name>出流原PA (西行き) (Izuruhara PA (Nishi-yuki))</name><description><![CDATA[Original: 出流原PA (西行き)<br/>Romaji: Izuruhara<br/>Source: OpenStreetMap-derived japan_pois.py]]></description><Point><coordinates>139.5474600,36.3668602,0</coordinates></Point></Placemark>
<Placemark><name>高坂SA (Takasaka SA)</name><description><![CDATA[Original: 高坂SA<br/>Romaji: Takasaka<br/>Source: OpenStreetMap-derived japan_pois.py]]></description><Point><coordinates>139.3845956,35.9860651,0</coordinates></Point></Placemark>
<Placemark><name>三芳PA (上り) (Miyoshi PA (Nobori))</name><description><![CDATA[Original: 三芳PA (上り)<br/>Romaji: Miyoshi<br/>Source: OpenStreetMap-derived japan_pois.py]]></description><Point><coordinates>139.5038748,35.8431882,0</coordinates></Point></Placemark>
<Placemark><name>三芳PA (下り) (Miyoshi PA (Kudari))</name><description><![CDATA[Original: 三芳PA (下り)<br/>Romaji: Miyoshi<br/>Source: OpenStreetMap-derived japan_pois.py]]></description><Point><coordinates>139.5022250,35.8412053,0</coordinates></Point></Placemark>
<Placemark><name>嵐山PA (上り) (Arashiyama PA (Nobori))</name><description><![CDATA[Original: 嵐山PA (上り)<br/>Romaji: Arashiyama<br/>Source: OpenStreetMap-derived japan_pois.py]]></description><Point><coordinates>139.2974171,36.0828307,0</coordinates></Point></Placemark>
<Placemark><name>香芝SA (下り) (Kashiba SA (Kudari))</name><description><![CDATA[Original: 香芝SA (下り)<br/>Romaji: Kashiba<br/>Source: OpenStreetMap-derived japan_pois.py]]></description><Point><coordinates>135.6798941,34.5590553,0</coordinates></Point></Placemark>
<Placemark><name>香芝SA(上り) (Kashiba SA (Nobori))</name><description><![CDATA[Original: 香芝SA(上り)<br/>Romaji: Kashiba<br/>Source: OpenStreetMap-derived japan_pois.py]]></description><Point><coordinates>135.6811944,34.5585119,0</coordinates></Point></Placemark>
<Placemark><name>上里SA (上り) (Kamisato SA (Nobori))</name><description><![CDATA[Original: 上里SA (上り)<br/>Romaji: Kamisato<br/>Source: OpenStreetMap-derived japan_pois.py]]></description><Point><coordinates>139.1196119,36.2558778,0</coordinates></Point></Placemark>
<Placemark><name>上里SA (下り) (Kamisato SA (Kudari))</name><description><![CDATA[Original: 上里SA (下り)<br/>Romaji: Kamisato<br/>Source: OpenStreetMap-derived japan_pois.py]]></description><Point><coordinates>139.1192146,36.2545190,0</coordinates></Point></Placemark>
<Placemark><name>寄居PA (下り) (Yorii PA (Kudari))</name><description><![CDATA[Original: 寄居PA (下り)<br/>Romaji: Yorii<br/>Source: OpenStreetMap-derived japan_pois.py]]></description><Point><coordinates>139.1933147,36.1717896,0</coordinates></Point></Placemark>
<Placemark><name>石川PA (下り) (Ishikawa PA (Kudari))</name><description><![CDATA[Original: 石川PA (下り)<br/>Romaji: Ishikawa<br/>Source: OpenStreetMap-derived japan_pois.py]]></description><Point><coordinates>139.3715282,35.6775110,0</coordinates></Point></Placemark>
<Placemark><name>石川PA (上り) (Ishikawa PA (Nobori))</name><description><![CDATA[Original: 石川PA (上り)<br/>Romaji: Ishikawa<br/>Source: OpenStreetMap-derived japan_pois.py]]></description><Point><coordinates>139.3745641,35.6797479,0</coordinates></Point></Placemark>
<Placemark><name>藤野PA (下り) (Fujino PA (Kudari))</name><description><![CDATA[Original: 藤野PA (下り)<br/>Romaji: Fujino<br/>Source: OpenStreetMap-derived japan_pois.py]]></description><Point><coordinates>139.1571633,35.6158185,0</coordinates></Point></Placemark>
<Placemark><name>藤野PA (上り) (Fujino PA (Nobori))</name><description><![CDATA[Original: 藤野PA (上り)<br/>Romaji: Fujino<br/>Source: OpenStreetMap-derived japan_pois.py]]></description><Point><coordinates>139.1578707,35.6162186,0</coordinates></Point></Placemark>
<Placemark><name>名立谷浜SA (下り) (Myoko-Nadachitani SA (Kudari))</name><description><![CDATA[Original: 名立谷浜SA (下り)<br/>Romaji: Myoko-Nadachitani<br/>Source: OpenStreetMap-derived japan_pois.py]]></description><Point><coordinates>138.1114504,37.1676020,0</coordinates></Point></Placemark>
<Placemark><name>名立谷浜SA (上り) (Myoko-Nadachitani SA (Nobori))</name><description><![CDATA[Original: 名立谷浜SA (上り)<br/>Romaji: Myoko-Nadachitani<br/>Source: OpenStreetMap-derived japan_pois.py]]></description><Point><coordinates>138.1125376,37.1658493,0</coordinates></Point></Placemark>
<Placemark><name>新井PA (下り) (Arai PA (Kudari))</name><description><![CDATA[Original: 新井PA (下り)<br/>Romaji: Arai<br/>Source: OpenStreetMap-derived japan_pois.py]]></description><Point><coordinates>138.2251478,37.0282118,0</coordinates></Point></Placemark>
<Placemark><name>新井PA (上り) (Arai PA (Nobori))</name><description><![CDATA[Original: 新井PA (上り)<br/>Romaji: Arai<br/>Source: OpenStreetMap-derived japan_pois.py]]></description><Point><coordinates>138.2252542,37.0263193,0</coordinates></Point></Placemark>
<Placemark><name>妙高SA (下り) (Myoko SA (Kudari))</name><description><![CDATA[Original: 妙高SA (下り)<br/>Romaji: Myoko<br/>Source: OpenStreetMap-derived japan_pois.py]]></description><Point><coordinates>138.2111354,36.9294218,0</coordinates></Point></Placemark>
<Placemark><name>妙高SA (上り) (Myoko SA (Nobori))</name><description><![CDATA[Original: 妙高SA (上り)<br/>Romaji: Myoko<br/>Source: OpenStreetMap-derived japan_pois.py]]></description><Point><coordinates>138.2133416,36.9287846,0</coordinates></Point></Placemark>
<Placemark><name>黒姫野尻湖PA (上り) (Kurohime-Nojiriko PA (Nobori))</name><description><![CDATA[Original: 黒姫野尻湖PA (上り)<br/>Romaji: Kurohime-Nojiriko<br/>Source: OpenStreetMap-derived japan_pois.py]]></description><Point><coordinates>138.2184931,36.8077619,0</coordinates></Point></Placemark>
<Placemark><name>黒姫野尻湖PA (下り) (Kurohime-Nojiriko PA (Kudari))</name><description><![CDATA[Original: 黒姫野尻湖PA (下り)<br/>Romaji: Kurohime-Nojiriko<br/>Source: OpenStreetMap-derived japan_pois.py]]></description><Point><coordinates>138.2187215,36.8069501,0</coordinates></Point></Placemark>
<Placemark><name>小布施PA (下り) (Obuse PA (Kudari))</name><description><![CDATA[Original: 小布施PA (下り)<br/>Romaji: Obuse<br/>Source: OpenStreetMap-derived japan_pois.py]]></description><Point><coordinates>138.2932394,36.6912316,0</coordinates></Point></Placemark>
<Placemark><name>小布施PA (上り) (Obuse PA (Nobori))</name><description><![CDATA[Original: 小布施PA (上り)<br/>Romaji: Obuse<br/>Source: OpenStreetMap-derived japan_pois.py]]></description><Point><coordinates>138.2953477,36.6931710,0</coordinates></Point></Placemark>
<Placemark><name>小布施PA(ハイウェイオアシス) (Obuse PA)</name><description><![CDATA[Original: 小布施ＰＡ（ハイウェイオアシス）<br/>Romaji: (not confidently available)<br/>Source: OpenStreetMap-derived japan_pois.py]]></description><Point><coordinates>138.2936864,36.6893842,0</coordinates></Point></Placemark>
<Placemark><name>松代PA (Matsushiro PA)</name><description><![CDATA[Original: 松代PA<br/>Romaji: Matsushiro<br/>Source: OpenStreetMap-derived japan_pois.py]]></description><Point><coordinates>138.1836742,36.5636991,0</coordinates></Point></Placemark>
<Placemark><name>佐久平PA (上り) (Sakudaira PA (Nobori))</name><description><![CDATA[Original: 佐久平PA (上り)<br/>Romaji: Sakudaira<br/>Source: OpenStreetMap-derived japan_pois.py]]></description><Point><coordinates>138.5103879,36.2781295,0</coordinates></Point></Placemark>
<Placemark><name>佐久平PA (下り) (Sakudaira PA (Kudari))</name><description><![CDATA[Original: 佐久平PA (下り)<br/>Romaji: Sakudaira<br/>Source: OpenStreetMap-derived japan_pois.py]]></description><Point><coordinates>138.5113726,36.2763651,0</coordinates></Point></Placemark>
<Placemark><name>談合坂SA (上り) (Dangozaka SA (Nobori))</name><description><![CDATA[Original: 談合坂SA (上り)<br/>Romaji: Dangozaka<br/>Source: OpenStreetMap-derived japan_pois.py]]></description><Point><coordinates>139.0459586,35.6280220,0</coordinates></Point></Placemark>
<Placemark><name>初狩PA (下り) (Hatsukari PA (Kudari))</name><description><![CDATA[Original: 初狩PA (下り)<br/>Romaji: Hatsukari<br/>Source: OpenStreetMap-derived japan_pois.py]]></description><Point><coordinates>138.8854666,35.5999209,0</coordinates></Point></Placemark>
<Placemark><name>初狩PA (上り) (Hatsukari PA (Nobori))</name><description><![CDATA[Original: 初狩PA (上り)<br/>Romaji: Hatsukari<br/>Source: OpenStreetMap-derived japan_pois.py]]></description><Point><coordinates>138.8842018,35.6001064,0</coordinates></Point></Placemark>
<Placemark><name>釈迦堂PA (上り) (Shakado PA (Nobori))</name><description><![CDATA[Original: 釈迦堂PA (上り)<br/>Romaji: Shakado<br/>Source: OpenStreetMap-derived japan_pois.py]]></description><Point><coordinates>138.7141845,35.6456656,0</coordinates></Point></Placemark>
<Placemark><name>谷村PA (上り) (Yamura PA (Nobori))</name><description><![CDATA[Original: 谷村PA (上り)<br/>Romaji: Yamura<br/>Source: OpenStreetMap-derived japan_pois.py]]></description><Point><coordinates>138.8972910,35.5491374,0</coordinates></Point></Placemark>
<Placemark><name>谷村PA (下り) (Yamura PA (Kudari))</name><description><![CDATA[Original: 谷村PA (下り)<br/>Romaji: Yamura<br/>Source: OpenStreetMap-derived japan_pois.py]]></description><Point><coordinates>138.8965648,35.5464024,0</coordinates></Point></Placemark>
<Placemark><name>吉野川SA (上り) (Yoshinogawa SA (Nobori))</name><description><![CDATA[Original: 吉野川SA (上り)<br/>Romaji: Yoshinogawa<br/>Source: OpenStreetMap-derived japan_pois.py]]></description><Point><coordinates>133.8945517,34.0385008,0</coordinates></Point></Placemark>
<Placemark><name>吉野川SA (下り) (Yoshinogawa SA (Kudari))</name><description><![CDATA[Original: 吉野川SA (下り)<br/>Romaji: Yoshinogawa<br/>Source: OpenStreetMap-derived japan_pois.py]]></description><Point><coordinates>133.8940783,34.0370591,0</coordinates></Point></Placemark>
<Placemark><name>錦秋湖サービスエリア</name><description><![CDATA[Original: 錦秋湖サービスエリア<br/>Romaji: Kinshuko<br/>Source: OpenStreetMap-derived japan_pois.py]]></description><Point><coordinates>140.8440344,39.2987171,0</coordinates></Point></Placemark>
<Placemark><name>山内PA (上り) (Yamauchi PA (Nobori))</name><description><![CDATA[Original: 山内PA (上り)<br/>Romaji: Yamauchi<br/>Source: OpenStreetMap-derived japan_pois.py]]></description><Point><coordinates>140.6488578,39.2698453,0</coordinates></Point></Placemark>
<Placemark><name>山内PA (下り) (Yamauchi PA (Kudari))</name><description><![CDATA[Original: 山内PA (下り)<br/>Romaji: Yamauchi<br/>Source: OpenStreetMap-derived japan_pois.py]]></description><Point><coordinates>140.6485583,39.2690233,0</coordinates></Point></Placemark>
<Placemark><name>大森PA (下り) (Omori PA (Kudari))</name><description><![CDATA[Original: 大森PA (下り)<br/>Romaji: Omori<br/>Source: OpenStreetMap-derived japan_pois.py]]></description><Point><coordinates>140.4442078,39.4084345,0</coordinates></Point></Placemark>
<Placemark><name>大森PA (上り) (Omori PA (Nobori))</name><description><![CDATA[Original: 大森PA (上り)<br/>Romaji: Omori<br/>Source: OpenStreetMap-derived japan_pois.py]]></description><Point><coordinates>140.4446282,39.4091634,0</coordinates></Point></Placemark>
<Placemark><name>海老名SA (下り) (Ebina SA (Kudari))</name><description><![CDATA[Original: 海老名SA (下り)<br/>Romaji: Ebina<br/>Source: OpenStreetMap-derived japan_pois.py]]></description><Point><coordinates>139.4011413,35.4311421,0</coordinates></Point></Placemark>
<Placemark><name>旅の駅桜島</name><description><![CDATA[Original: 旅の駅桜島<br/>Romaji: (not confidently available)<br/>Source: OpenStreetMap-derived japan_pois.py]]></description><Point><coordinates>130.6137645,31.5707869,0</coordinates></Point></Placemark>
<Placemark><name>西仙北SA (下り) (Nishi-Semboku SA (Kudari))</name><description><![CDATA[Original: 西仙北SA (下り)<br/>Romaji: Nishi-Semboku<br/>Source: OpenStreetMap-derived japan_pois.py]]></description><Point><coordinates>140.3230346,39.5400322,0</coordinates></Point></Placemark>
<Placemark><name>西仙北SA (上り) (Nishi-Semboku SA (Nobori))</name><description><![CDATA[Original: 西仙北SA (上り)<br/>Romaji: Nishi-Semboku<br/>Source: OpenStreetMap-derived japan_pois.py]]></description><Point><coordinates>140.3243562,39.5411008,0</coordinates></Point></Placemark>
<Placemark><name>西山PA (下り) (Nishiyama PA (Kudari))</name><description><![CDATA[Original: 西山PA (下り)<br/>Romaji: Nishiyama<br/>Source: OpenStreetMap-derived japan_pois.py]]></description><Point><coordinates>136.8059973,37.0113128,0</coordinates></Point></Placemark>
<Placemark><name>西山PA (上り) (Nishiyama PA (Nobori))</name><description><![CDATA[Original: 西山PA (上り)<br/>Romaji: Nishiyama<br/>Source: OpenStreetMap-derived japan_pois.py]]></description><Point><coordinates>136.8068153,37.0106363,0</coordinates></Point></Placemark>
<Placemark><name>志雄PA (上り) (Shio PA (Nobori))</name><description><![CDATA[Original: 志雄PA (上り)<br/>Romaji: Shio<br/>Source: OpenStreetMap-derived japan_pois.py]]></description><Point><coordinates>136.7589748,36.8624237,0</coordinates></Point></Placemark>
<Placemark><name>志雄PA (下り) (Shio PA (Kudari))</name><description><![CDATA[Original: 志雄PA (下り)<br/>Romaji: Shio<br/>Source: OpenStreetMap-derived japan_pois.py]]></description><Point><coordinates>136.7581259,36.8626135,0</coordinates></Point></Placemark>
<Placemark><name>別所岳SA (Besshodake SA)</name><description><![CDATA[Original: 別所岳SA<br/>Romaji: Besshodake<br/>Source: OpenStreetMap-derived japan_pois.py]]></description><Point><coordinates>136.8557074,37.1792448,0</coordinates></Point></Placemark>
<Placemark><name>都賀西方PA (上り) (Toga-Nishikata PA (Nobori))</name><description><![CDATA[Original: 都賀西方PA (上り)<br/>Romaji: Toga-Nishikata<br/>Source: OpenStreetMap-derived japan_pois.py]]></description><Point><coordinates>139.7242827,36.4537769,0</coordinates></Point></Placemark>
<Placemark><name>都賀西方PA (下り) (Toga-Nishikata PA (Kudari))</name><description><![CDATA[Original: 都賀西方PA (下り)<br/>Romaji: Toga-Nishikata<br/>Source: OpenStreetMap-derived japan_pois.py]]></description><Point><coordinates>139.7252514,36.4567062,0</coordinates></Point></Placemark>
<Placemark><name>太平山PA (上り) (Taiheizan PA (Nobori))</name><description><![CDATA[Original: 太平山PA (上り)<br/>Romaji: Taiheizan<br/>Source: OpenStreetMap-derived japan_pois.py]]></description><Point><coordinates>140.1503423,39.7505794,0</coordinates></Point></Placemark>
<Placemark><name>太平山PA (下り) (Taiheizan PA (Kudari))</name><description><![CDATA[Original: 太平山PA (下り)<br/>Romaji: Taiheizan<br/>Source: OpenStreetMap-derived japan_pois.py]]></description><Point><coordinates>140.1523924,39.7489716,0</coordinates></Point></Placemark>
<Placemark><name>小黒川PA (下り) (Ogurokawa PA (Kudari))</name><description><![CDATA[Original: 小黒川PA (下り)<br/>Romaji: Ogurokawa<br/>Source: OpenStreetMap-derived japan_pois.py]]></description><Point><coordinates>137.9336343,35.8402409,0</coordinates></Point></Placemark>
<Placemark><name>日立中央PA (下り) (Hitachi-Chuo PA (Kudari))</name><description><![CDATA[Original: 日立中央PA (下り)<br/>Romaji: Hitachi-Chuo<br/>Source: OpenStreetMap-derived japan_pois.py]]></description><Point><coordinates>140.6351502,36.6025034,0</coordinates></Point></Placemark>
<Placemark><name>大阪トラックステーション</name><description><![CDATA[Original: 大阪トラックステーション<br/>Romaji: (not confidently available)<br/>Source: OpenStreetMap-derived japan_pois.py]]></description><Point><coordinates>135.6192055,34.7905774,0</coordinates></Point></Placemark>
<Placemark><name>国見SA (上り) (Kunimi SA (Nobori))</name><description><![CDATA[Original: 国見SA (上り)<br/>Romaji: Kunimi<br/>Source: OpenStreetMap-derived japan_pois.py]]></description><Point><coordinates>140.5781163,37.9064773,0</coordinates></Point></Placemark>
<Placemark><name>国見SA (下り) (Kunimi SA (Kudari))</name><description><![CDATA[Original: 国見SA (下り)<br/>Romaji: Kunimi<br/>Source: OpenStreetMap-derived japan_pois.py]]></description><Point><coordinates>140.5775898,37.9077106,0</coordinates></Point></Placemark>
<Placemark><name>羽生PA (上り) (Hanyu PA (Nobori))</name><description><![CDATA[Original: 羽生PA (上り)<br/>Romaji: Hanyu<br/>Source: OpenStreetMap-derived japan_pois.py]]></description><Point><coordinates>139.5876498,36.1811466,0</coordinates></Point></Placemark>
<Placemark><name>佐野サービスエリア</name><description><![CDATA[Original: 佐野サービスエリア<br/>Romaji: Sano<br/>Source: OpenStreetMap-derived japan_pois.py]]></description><Point><coordinates>139.6185280,36.3178850,0</coordinates></Point></Placemark>
<Placemark><name>阿武隈PA (下り) (Abukuma PA (Kudari))</name><description><![CDATA[Original: 阿武隈PA (下り)<br/>Romaji: Abukuma<br/>Source: OpenStreetMap-derived japan_pois.py]]></description><Point><coordinates>140.2417376,37.1512789,0</coordinates></Point></Placemark>
<Placemark><name>阿武隈PA (上り) (Abukuma PA (Nobori))</name><description><![CDATA[Original: 阿武隈PA (上り)<br/>Romaji: Abukuma<br/>Source: OpenStreetMap-derived japan_pois.py]]></description><Point><coordinates>140.2427831,37.1509422,0</coordinates></Point></Placemark>
<Placemark><name>鏡石PA (下り) (Kagamiishi PA (Kudari))</name><description><![CDATA[Original: 鏡石PA (下り)<br/>Romaji: Kagamiishi<br/>Source: OpenStreetMap-derived japan_pois.py]]></description><Point><coordinates>140.3352993,37.2558510,0</coordinates></Point></Placemark>
<Placemark><name>鏡石PA (上り) (Kagamiishi PA (Nobori))</name><description><![CDATA[Original: 鏡石PA (上り)<br/>Romaji: Kagamiishi<br/>Source: OpenStreetMap-derived japan_pois.py]]></description><Point><coordinates>140.3361338,37.2553480,0</coordinates></Point></Placemark>
<Placemark><name>安積PA (下り) (Asaka PA (Kudari))</name><description><![CDATA[Original: 安積PA (下り)<br/>Romaji: Asaka<br/>Source: OpenStreetMap-derived japan_pois.py]]></description><Point><coordinates>140.3224225,37.3526403,0</coordinates></Point></Placemark>
<Placemark><name>安積PA (上り) (Asaka PA (Nobori))</name><description><![CDATA[Original: 安積PA (上り)<br/>Romaji: Asaka<br/>Source: OpenStreetMap-derived japan_pois.py]]></description><Point><coordinates>140.3228907,37.3541899,0</coordinates></Point></Placemark>
<Placemark><name>安達太良SA (上り) (Adatara SA (Nobori))</name><description><![CDATA[Original: 安達太良SA (上り)<br/>Romaji: Adatara<br/>Source: OpenStreetMap-derived japan_pois.py]]></description><Point><coordinates>140.3823366,37.5158394,0</coordinates></Point></Placemark>
<Placemark><name>安達太良SA (下り) (Adatara SA (Kudari))</name><description><![CDATA[Original: 安達太良SA (下り)<br/>Romaji: Adatara<br/>Source: OpenStreetMap-derived japan_pois.py]]></description><Point><coordinates>140.3801487,37.5160984,0</coordinates></Point></Placemark>
<Placemark><name>福島松川PA (上り) (Fukushima-Matsukawa PA (Nobori))</name><description><![CDATA[Original: 福島松川PA (上り)<br/>Romaji: Fukushima-Matsukawa<br/>Source: OpenStreetMap-derived japan_pois.py]]></description><Point><coordinates>140.4450592,37.6613645,0</coordinates></Point></Placemark>
<Placemark><name>福島松川PA (下り) (Fukushima-Matsukawa PA (Kudari))</name><description><![CDATA[Original: 福島松川PA (下り)<br/>Romaji: Fukushima-Matsukawa<br/>Source: OpenStreetMap-derived japan_pois.py]]></description><Point><coordinates>140.4426277,37.6614418,0</coordinates></Point></Placemark>
<Placemark><name>吾妻PA (下り) (Azuma PA (Kudari))</name><description><![CDATA[Original: 吾妻PA (下り)<br/>Romaji: Azuma<br/>Source: OpenStreetMap-derived japan_pois.py]]></description><Point><coordinates>140.4079672,37.7598835,0</coordinates></Point></Placemark>
<Placemark><name>吾妻PA (上り) (Azuma PA (Nobori))</name><description><![CDATA[Original: 吾妻PA (上り)<br/>Romaji: Azuma<br/>Source: OpenStreetMap-derived japan_pois.py]]></description><Point><coordinates>140.4090114,37.7599337,0</coordinates></Point></Placemark>
<Placemark><name>黒磯PA (下り) (Kuroiso PA (Kudari))</name><description><![CDATA[Original: 黒磯PA (下り)<br/>Romaji: Kuroiso<br/>Source: OpenStreetMap-derived japan_pois.py]]></description><Point><coordinates>139.9898716,36.9593273,0</coordinates></Point></Placemark>
<Placemark><name>黒磯PA (上り) (Kuroiso PA (Nobori))</name><description><![CDATA[Original: 黒磯PA (上り)<br/>Romaji: Kuroiso<br/>Source: OpenStreetMap-derived japan_pois.py]]></description><Point><coordinates>139.9906209,36.9588399,0</coordinates></Point></Placemark>
<Placemark><name>AAFES Car Repair / Shoppette</name><description><![CDATA[Original: AAFES Car Repair / Shoppette<br/>Romaji: (not confidently available)<br/>Source: OpenStreetMap-derived japan_pois.py]]></description><Point><coordinates>127.7635018,26.2939748,0</coordinates></Point></Placemark>
<Placemark><name>北浦街道 豊北</name><description><![CDATA[Original: 北浦街道 豊北<br/>Romaji: (not confidently available)<br/>Source: OpenStreetMap-derived japan_pois.py]]></description><Point><coordinates>130.8886472,34.3106277,0</coordinates></Point></Placemark>
<Placemark><name>桜島SA (上り) (Sakurajima SA (Nobori))</name><description><![CDATA[Original: 桜島SA (上り)<br/>Romaji: Sakurajima<br/>Source: OpenStreetMap-derived japan_pois.py]]></description><Point><coordinates>130.6142127,31.7271535,0</coordinates></Point></Placemark>
<Placemark><name>玖珠SA (上り) (Kusu SA (Nobori))</name><description><![CDATA[Original: 玖珠SA (上り)<br/>Romaji: Kusu<br/>Source: OpenStreetMap-derived japan_pois.py]]></description><Point><coordinates>131.1167632,33.2820719,0</coordinates></Point></Placemark>
<Placemark><name>玖珠SA (下り) (Kusu SA (Kudari))</name><description><![CDATA[Original: 玖珠SA (下り)<br/>Romaji: Kusu<br/>Source: OpenStreetMap-derived japan_pois.py]]></description><Point><coordinates>131.1165177,33.2829404,0</coordinates></Point></Placemark>
<Placemark><name>萩尾PA (下り) (Hagio PA (Kudari))</name><description><![CDATA[Original: 萩尾PA (下り)<br/>Romaji: Hagio<br/>Source: OpenStreetMap-derived japan_pois.py]]></description><Point><coordinates>130.9036177,33.3352436,0</coordinates></Point></Placemark>
<Placemark><name>萩尾PA (上り) (Hagio PA (Nobori))</name><description><![CDATA[Original: 萩尾PA (上り)<br/>Romaji: Hagio<br/>Source: OpenStreetMap-derived japan_pois.py]]></description><Point><coordinates>130.9031097,33.3343551,0</coordinates></Point></Placemark>
<Placemark><name>水分PA (下り) (Mizuwake PA (Kudari))</name><description><![CDATA[Original: 水分PA (下り)<br/>Romaji: Mizuwake<br/>Source: OpenStreetMap-derived japan_pois.py]]></description><Point><coordinates>131.2458869,33.2482641,0</coordinates></Point></Placemark>
<Placemark><name>水分PA (上り) (Mizuwake PA (Nobori))</name><description><![CDATA[Original: 水分PA (上り)<br/>Romaji: Mizuwake<br/>Source: OpenStreetMap-derived japan_pois.py]]></description><Point><coordinates>131.2475664,33.2479977,0</coordinates></Point></Placemark>
<Placemark><name>天理PA (下り) (Tenri PA (Kudari))</name><description><![CDATA[Original: 天理PA (下り)<br/>Romaji: Tenri<br/>Source: OpenStreetMap-derived japan_pois.py]]></description><Point><coordinates>135.8102513,34.6168489,0</coordinates></Point></Placemark>
<Placemark><name>天理PA (上り) (Tenri PA (Nobori))</name><description><![CDATA[Original: 天理PA (上り)<br/>Romaji: Tenri<br/>Source: OpenStreetMap-derived japan_pois.py]]></description><Point><coordinates>135.8132566,34.6163924,0</coordinates></Point></Placemark>
<Placemark><name>菖蒲PA (Shobu PA)</name><description><![CDATA[Original: 菖蒲PA<br/>Romaji: Shobu<br/>Source: OpenStreetMap-derived japan_pois.py]]></description><Point><coordinates>139.5871483,36.0389682,0</coordinates></Point></Placemark>
<Placemark><name>新潟PA (上り) (Niigata PA (Nobori))</name><description><![CDATA[Original: 新潟PA (上り)<br/>Romaji: Niigata<br/>Source: OpenStreetMap-derived japan_pois.py]]></description><Point><coordinates>139.0586555,37.8497210,0</coordinates></Point></Placemark>
<Placemark><name>新潟PA (下り) (Niigata PA (Kudari))</name><description><![CDATA[Original: 新潟PA (下り)<br/>Romaji: Niigata<br/>Source: OpenStreetMap-derived japan_pois.py]]></description><Point><coordinates>139.0607841,37.8478363,0</coordinates></Point></Placemark>
<Placemark><name>五泉PA(下り) (Gosen PA (Kudari))</name><description><![CDATA[Original: 五泉PA（下り）<br/>Romaji: Gosen<br/>Source: OpenStreetMap-derived japan_pois.py]]></description><Point><coordinates>139.2137732,37.7624501,0</coordinates></Point></Placemark>
<Placemark><name>五泉PA (上り) (Gosen PA (Nobori))</name><description><![CDATA[Original: 五泉PA (上り)<br/>Romaji: Gosen<br/>Source: OpenStreetMap-derived japan_pois.py]]></description><Point><coordinates>139.2109316,37.7638921,0</coordinates></Point></Placemark>
<Placemark><name>阿賀野川SA (下り) (Agano-gawa SA (Kudari))</name><description><![CDATA[Original: 阿賀野川SA (下り)<br/>Romaji: Agano-gawa<br/>Source: OpenStreetMap-derived japan_pois.py]]></description><Point><coordinates>139.3140353,37.7376353,0</coordinates></Point></Placemark>
<Placemark><name>阿賀野川SA (上り) (Agano-gawa SA (Nobori))</name><description><![CDATA[Original: 阿賀野川SA (上り)<br/>Romaji: Agano-gawa<br/>Source: OpenStreetMap-derived japan_pois.py]]></description><Point><coordinates>139.3187104,37.7379895,0</coordinates></Point></Placemark>
<Placemark><name>西会津PA (上り) (Nishi-Aizu PA (Nobori))</name><description><![CDATA[Original: 西会津PA (上り)<br/>Romaji: Nishi-Aizu<br/>Source: OpenStreetMap-derived japan_pois.py]]></description><Point><coordinates>139.6447878,37.5789042,0</coordinates></Point></Placemark>
<Placemark><name>西会津PA (下り) (Nishi-Aizu PA (Kudari))</name><description><![CDATA[Original: 西会津PA (下り)<br/>Romaji: Nishi-Aizu<br/>Source: OpenStreetMap-derived japan_pois.py]]></description><Point><coordinates>139.6502046,37.5772414,0</coordinates></Point></Placemark>
<Placemark><name>日本坂PA (下り) (Nihonzaka PA (Kudari))</name><description><![CDATA[Original: 日本坂PA (下り)<br/>Romaji: Nihonzaka<br/>Source: OpenStreetMap-derived japan_pois.py]]></description><Point><coordinates>138.3193621,34.8887573,0</coordinates></Point></Placemark>
<Placemark><name>日本坂PA (上り) (Nihonzaka PA (Nobori))</name><description><![CDATA[Original: 日本坂PA (上り)<br/>Romaji: Nihonzaka<br/>Source: OpenStreetMap-derived japan_pois.py]]></description><Point><coordinates>138.3193829,34.8900217,0</coordinates></Point></Placemark>
<Placemark><name>守谷SA (上り) (Moriya SA (Nobori))</name><description><![CDATA[Original: 守谷SA (上り)<br/>Romaji: Moriya<br/>Source: OpenStreetMap-derived japan_pois.py]]></description><Point><coordinates>139.9696217,35.9387769,0</coordinates></Point></Placemark>
<Placemark><name>守谷SA (下り) (Moriya SA (Kudari))</name><description><![CDATA[Original: 守谷SA (下り)<br/>Romaji: Moriya<br/>Source: OpenStreetMap-derived japan_pois.py]]></description><Point><coordinates>139.9673798,35.9400156,0</coordinates></Point></Placemark>
<Placemark><name>名谷PA (Myodani PA)</name><description><![CDATA[Original: 名谷PA<br/>Romaji: Myodani<br/>Source: OpenStreetMap-derived japan_pois.py]]></description><Point><coordinates>135.0750361,34.6480432,0</coordinates></Point></Placemark>
<Placemark><name>垂水PA (下り) (Tarumi PA (Kudari))</name><description><![CDATA[Original: 垂水PA (下り)<br/>Romaji: Tarumi<br/>Source: OpenStreetMap-derived japan_pois.py]]></description><Point><coordinates>135.0905315,34.6517964,0</coordinates></Point></Placemark>
<Placemark><name>淡路SA (上り) (Awaji SA (Nobori))</name><description><![CDATA[Original: 淡路SA (上り)<br/>Romaji: Awaji<br/>Source: OpenStreetMap-derived japan_pois.py]]></description><Point><coordinates>135.0129900,34.5854713,0</coordinates></Point></Placemark>
<Placemark><name>淡路SA (下り) (Awaji SA (Kudari))</name><description><![CDATA[Original: 淡路SA (下り)<br/>Romaji: Awaji<br/>Source: OpenStreetMap-derived japan_pois.py]]></description><Point><coordinates>135.0175156,34.5829805,0</coordinates></Point></Placemark>
<Placemark><name>淡路ハイウェイオアシス</name><description><![CDATA[Original: 淡路ハイウェイオアシス<br/>Romaji: (not confidently available)<br/>Source: OpenStreetMap-derived japan_pois.py]]></description><Point><coordinates>135.0139593,34.5799361,0</coordinates></Point></Placemark>
<Placemark><name>室津PA (下り) (Murotsu PA (Kudari))</name><description><![CDATA[Original: 室津PA (下り)<br/>Romaji: Murotsu<br/>Source: OpenStreetMap-derived japan_pois.py]]></description><Point><coordinates>134.8730109,34.5121634,0</coordinates></Point></Placemark>
<Placemark><name>室津PA (上り) (Murotsu PA (Nobori))</name><description><![CDATA[Original: 室津PA (上り)<br/>Romaji: Murotsu<br/>Source: OpenStreetMap-derived japan_pois.py]]></description><Point><coordinates>134.8724456,34.5130606,0</coordinates></Point></Placemark>
<Placemark><name>緑PA (下り) (Midori PA (Kudari))</name><description><![CDATA[Original: 緑PA (下り)<br/>Romaji: Midori<br/>Source: OpenStreetMap-derived japan_pois.py]]></description><Point><coordinates>134.8163064,34.3263133,0</coordinates></Point></Placemark>
<Placemark><name>緑PA (上り) (Midori PA (Nobori))</name><description><![CDATA[Original: 緑PA (上り)<br/>Romaji: Midori<br/>Source: OpenStreetMap-derived japan_pois.py]]></description><Point><coordinates>134.8164018,34.3271599,0</coordinates></Point></Placemark>
<Placemark><name>淡路島南PA (下り) (Awajishima-minami PA (Kudari))</name><description><![CDATA[Original: 淡路島南PA (下り)<br/>Romaji: Awajishima-minami<br/>Source: OpenStreetMap-derived japan_pois.py]]></description><Point><coordinates>134.6856125,34.2597325,0</coordinates></Point></Placemark>
<Placemark><name>淡路島南PA (上り) (Awajishima-minami PA (Nobori))</name><description><![CDATA[Original: 淡路島南PA (上り)<br/>Romaji: Awajishima-minami<br/>Source: OpenStreetMap-derived japan_pois.py]]></description><Point><coordinates>134.6822039,34.2596950,0</coordinates></Point></Placemark>
<Placemark><name>南国SA (下り) (Nankoku SA (Kudari))</name><description><![CDATA[Original: 南国SA (下り)<br/>Romaji: Nankoku<br/>Source: OpenStreetMap-derived japan_pois.py]]></description><Point><coordinates>133.6150552,33.6011679,0</coordinates></Point></Placemark>
<Placemark><name>南国SA (上り) (Nankoku SA (Nobori))</name><description><![CDATA[Original: 南国SA (上り)<br/>Romaji: Nankoku<br/>Source: OpenStreetMap-derived japan_pois.py]]></description><Point><coordinates>133.6144411,33.6021146,0</coordinates></Point></Placemark>
<Placemark><name>いい里さかがわ館</name><description><![CDATA[Original: いい里さかがわ館<br/>Romaji: (not confidently available)<br/>Source: OpenStreetMap-derived japan_pois.py]]></description><Point><coordinates>140.1815176,36.4607615,0</coordinates></Point></Placemark>
<Placemark><name>土佐PA (下り) (Tosa PA (Kudari))</name><description><![CDATA[Original: 土佐PA (下り)<br/>Romaji: Tosa<br/>Source: OpenStreetMap-derived japan_pois.py]]></description><Point><coordinates>133.3688237,33.4779079,0</coordinates></Point></Placemark>
<Placemark><name>土佐PA (上り) (Tosa PA (Nobori))</name><description><![CDATA[Original: 土佐PA (上り)<br/>Romaji: Tosa<br/>Source: OpenStreetMap-derived japan_pois.py]]></description><Point><coordinates>133.3680741,33.4783763,0</coordinates></Point></Placemark>
<Placemark><name>港北PA (上り) (Kohoku PA (Nobori))</name><description><![CDATA[Original: 港北PA (上り)<br/>Romaji: Kohoku<br/>Source: OpenStreetMap-derived japan_pois.py]]></description><Point><coordinates>139.5269968,35.5329010,0</coordinates></Point></Placemark>
<Placemark><name>港北PA (下り) (Kohoku PA (Kudari))</name><description><![CDATA[Original: 港北PA (下り)<br/>Romaji: Kohoku<br/>Source: OpenStreetMap-derived japan_pois.py]]></description><Point><coordinates>139.5333172,35.5354300,0</coordinates></Point></Placemark>
<Placemark><name>草津PA (上り) (Kusatsu PA (Nobori))</name><description><![CDATA[Original: 草津PA (上り)<br/>Romaji: Kusatsu<br/>Source: OpenStreetMap-derived japan_pois.py]]></description><Point><coordinates>135.9482285,34.9781220,0</coordinates></Point></Placemark>
<Placemark><name>草津PA (下り) (Kusatsu PA (Kudari))</name><description><![CDATA[Original: 草津PA (下り)<br/>Romaji: Kusatsu<br/>Source: OpenStreetMap-derived japan_pois.py]]></description><Point><coordinates>135.9501721,34.9780280,0</coordinates></Point></Placemark>
<Placemark><name>大磯PA (上り) (Oiso PA (Nobori))</name><description><![CDATA[Original: 大磯PA (上り)<br/>Romaji: Oiso<br/>Source: OpenStreetMap-derived japan_pois.py]]></description><Point><coordinates>139.2694011,35.3184195,0</coordinates></Point></Placemark>
<Placemark><name>守山PA (下り) (Moriyama PA (Kudari))</name><description><![CDATA[Original: 守山PA (下り)<br/>Romaji: Moriyama<br/>Source: OpenStreetMap-derived japan_pois.py]]></description><Point><coordinates>137.0101821,35.2413843,0</coordinates></Point></Placemark>
<Placemark><name>守山PA (上り) (Moriyama PA (Nobori))</name><description><![CDATA[Original: 守山PA (上り)<br/>Romaji: Moriyama<br/>Source: OpenStreetMap-derived japan_pois.py]]></description><Point><coordinates>137.0112665,35.2415386,0</coordinates></Point></Placemark>
<Placemark><name>養老SA (上り) (Yoro SA (Nobori))</name><description><![CDATA[Original: 養老SA (上り)<br/>Romaji: Yoro<br/>Source: OpenStreetMap-derived japan_pois.py]]></description><Point><coordinates>136.5434038,35.3220738,0</coordinates></Point></Placemark>
<Placemark><name>養老SA (下り) (Yoro SA (Kudari))</name><description><![CDATA[Original: 養老SA (下り)<br/>Romaji: Yoro<br/>Source: OpenStreetMap-derived japan_pois.py]]></description><Point><coordinates>136.5416182,35.3215104,0</coordinates></Point></Placemark>
<Placemark><name>多賀SA (上り) (Taga SA (Nobori))</name><description><![CDATA[Original: 多賀SA (上り)<br/>Romaji: Taga<br/>Source: OpenStreetMap-derived japan_pois.py]]></description><Point><coordinates>136.2832651,35.2181742,0</coordinates></Point></Placemark>
<Placemark><name>多賀SA (下り) (Taga SA (Kudari))</name><description><![CDATA[Original: 多賀SA (下り)<br/>Romaji: Taga<br/>Source: OpenStreetMap-derived japan_pois.py]]></description><Point><coordinates>136.2846564,35.2193726,0</coordinates></Point></Placemark>
<Placemark><name>佐方SA (下り) (Safata SA (Kudari))</name><description><![CDATA[Original: 佐方SA (下り)<br/>Romaji: Safata<br/>Source: OpenStreetMap-derived japan_pois.py]]></description><Point><coordinates>132.3318619,34.3659992,0</coordinates></Point></Placemark>
<Placemark><name>佐方SA (上り) (Safata SA (Nobori))</name><description><![CDATA[Original: 佐方SA (上り)<br/>Romaji: Safata<br/>Source: OpenStreetMap-derived japan_pois.py]]></description><Point><coordinates>132.3310965,34.3661918,0</coordinates></Point></Placemark>
<Placemark><name>川南PA (Kawaminami PA)</name><description><![CDATA[Original: 川南PA<br/>Romaji: Kawaminami<br/>Source: OpenStreetMap-derived japan_pois.py]]></description><Point><coordinates>131.4857736,32.2002036,0</coordinates></Point></Placemark>
<Placemark><name>国分PA (上り) (Kokubu PA (Nobori))</name><description><![CDATA[Original: 国分PA (上り)<br/>Romaji: Kokubu<br/>Source: OpenStreetMap-derived japan_pois.py]]></description><Point><coordinates>130.7918175,31.7344593,0</coordinates></Point></Placemark>
<Placemark><name>国分PA (下り) (Kokubu PA (Kudari))</name><description><![CDATA[Original: 国分PA (下り)<br/>Romaji: Kokubu<br/>Source: OpenStreetMap-derived japan_pois.py]]></description><Point><coordinates>130.7927745,31.7343390,0</coordinates></Point></Placemark>
<Placemark><name>サンライズひがし (sanraizuhigashi)</name><description><![CDATA[Original: サンライズひがし<br/>Romaji: sanraizuhigashi<br/>Source: OpenStreetMap-derived japan_pois.py]]></description><Point><coordinates>128.1536070,26.6309021,0</coordinates></Point></Placemark>
<Placemark><name>りんりん道路筑波休憩所</name><description><![CDATA[Original: りんりん道路筑波休憩所<br/>Romaji: (not confidently available)<br/>Source: OpenStreetMap-derived japan_pois.py]]></description><Point><coordinates>140.0805804,36.2063896,0</coordinates></Point></Placemark>
<Placemark><name>厚木PA (外回り) (Atsugi PA (Sotomawari))</name><description><![CDATA[Original: 厚木PA (外回り)<br/>Romaji: Atsugi<br/>Source: OpenStreetMap-derived japan_pois.py]]></description><Point><coordinates>139.3687725,35.4908125,0</coordinates></Point></Placemark>
<Placemark><name>厚木PA (内回り) (Atsugi PA (Uchimawari))</name><description><![CDATA[Original: 厚木PA (内回り)<br/>Romaji: Atsugi<br/>Source: OpenStreetMap-derived japan_pois.py]]></description><Point><coordinates>139.3694206,35.4915170,0</coordinates></Point></Placemark>
<Placemark><name>中郷SA (下り) (Nakago SA (Kudari))</name><description><![CDATA[Original: 中郷SA (下り)<br/>Romaji: Nakago<br/>Source: OpenStreetMap-derived japan_pois.py]]></description><Point><coordinates>140.6923237,36.7578960,0</coordinates></Point></Placemark>
<Placemark><name>中郷SA (上り) (Nakago SA (Nobori))</name><description><![CDATA[Original: 中郷SA (上り)<br/>Romaji: Nakago<br/>Source: OpenStreetMap-derived japan_pois.py]]></description><Point><coordinates>140.6889757,36.7540578,0</coordinates></Point></Placemark>
<Placemark><name>湯ノ岳PA (上り) (Yunotake PA (Nobori))</name><description><![CDATA[Original: 湯ノ岳PA (上り)<br/>Romaji: Yunotake<br/>Source: OpenStreetMap-derived japan_pois.py]]></description><Point><coordinates>140.8141599,37.0234607,0</coordinates></Point></Placemark>
<Placemark><name>湯ノ岳PA (下り) (Yunotake PA (Kudari))</name><description><![CDATA[Original: 湯ノ岳PA (下り)<br/>Romaji: Yunotake<br/>Source: OpenStreetMap-derived japan_pois.py]]></description><Point><coordinates>140.8124449,37.0198751,0</coordinates></Point></Placemark>
<Placemark><name>差塩PA (下り) (Sashio PA (Kudari))</name><description><![CDATA[Original: 差塩PA (下り)<br/>Romaji: Sashio<br/>Source: OpenStreetMap-derived japan_pois.py]]></description><Point><coordinates>140.7201222,37.1756461,0</coordinates></Point></Placemark>
<Placemark><name>差塩PA (上り) (Sashio PA (Nobori))</name><description><![CDATA[Original: 差塩PA (上り)<br/>Romaji: Sashio<br/>Source: OpenStreetMap-derived japan_pois.py]]></description><Point><coordinates>140.7214862,37.1759036,0</coordinates></Point></Placemark>
<Placemark><name>阿武隈高原SA (上り) (Abukuma Kogen SA (Nobori))</name><description><![CDATA[Original: 阿武隈高原SA (上り)<br/>Romaji: Abukuma Kogen<br/>Source: OpenStreetMap-derived japan_pois.py]]></description><Point><coordinates>140.5959515,37.3878054,0</coordinates></Point></Placemark>
<Placemark><name>阿武隈高原SA (下り) (Abukuma Kogen SA (Kudari))</name><description><![CDATA[Original: 阿武隈高原SA (下り)<br/>Romaji: Abukuma Kogen<br/>Source: OpenStreetMap-derived japan_pois.py]]></description><Point><coordinates>140.5946272,37.3872789,0</coordinates></Point></Placemark>
<Placemark><name>三春PA (下り) (Miharu PA (Kudari))</name><description><![CDATA[Original: 三春PA (下り)<br/>Romaji: Miharu<br/>Source: OpenStreetMap-derived japan_pois.py]]></description><Point><coordinates>140.4832863,37.4284997,0</coordinates></Point></Placemark>
<Placemark><name>三春PA (上り) (Miharu PA (Nobori))</name><description><![CDATA[Original: 三春PA (上り)<br/>Romaji: Miharu<br/>Source: OpenStreetMap-derived japan_pois.py]]></description><Point><coordinates>140.4845573,37.4297982,0</coordinates></Point></Placemark>
<Placemark><name>八郎湖SA (上り) (Hachiroko SA (Nobori))</name><description><![CDATA[Original: 八郎湖SA (上り)<br/>Romaji: Hachiroko<br/>Source: OpenStreetMap-derived japan_pois.py]]></description><Point><coordinates>140.0880656,40.0092821,0</coordinates></Point></Placemark>
<Placemark><name>八郎湖SA (下り) (Hachiroko SA (Kudari))</name><description><![CDATA[Original: 八郎湖SA (下り)<br/>Romaji: Hachiroko<br/>Source: OpenStreetMap-derived japan_pois.py]]></description><Point><coordinates>140.0863711,40.0093447,0</coordinates></Point></Placemark>
<Placemark><name>櫛引PA (下り) (Kushibiki PA (Kudari))</name><description><![CDATA[Original: 櫛引PA (下り)<br/>Romaji: Kushibiki<br/>Source: OpenStreetMap-derived japan_pois.py]]></description><Point><coordinates>139.8286173,38.6433921,0</coordinates></Point></Placemark>
<Placemark><name>櫛引PA (上り) (Kushibiki PA (Nobori))</name><description><![CDATA[Original: 櫛引PA (上り)<br/>Romaji: Kushibiki<br/>Source: OpenStreetMap-derived japan_pois.py]]></description><Point><coordinates>139.8303245,38.6428770,0</coordinates></Point></Placemark>
<Placemark><name>江戸崎PA (外回り) (Edosaki PA (Sotomawari))</name><description><![CDATA[Original: 江戸崎PA (外回り)<br/>Romaji: Edosaki<br/>Source: OpenStreetMap-derived japan_pois.py]]></description><Point><coordinates>140.2761363,35.9725699,0</coordinates></Point></Placemark>
<Placemark><name>江戸崎PA (内回り) (Edosaki PA (Uchimawari))</name><description><![CDATA[Original: 江戸崎PA (内回り)<br/>Romaji: Edosaki<br/>Source: OpenStreetMap-derived japan_pois.py]]></description><Point><coordinates>140.2759673,35.9715874,0</coordinates></Point></Placemark>
<Placemark><name>中央道原PA (上り) (Chuo-do Hara PA (Nobori))</name><description><![CDATA[Original: 中央道原PA (上り)<br/>Romaji: Chuo-do Hara<br/>Source: OpenStreetMap-derived japan_pois.py]]></description><Point><coordinates>138.1927477,35.9612429,0</coordinates></Point></Placemark>
<Placemark><name>中央道原PA (下り) (Chuo-do Hara PA (Kudari))</name><description><![CDATA[Original: 中央道原PA (下り)<br/>Romaji: Chuo-do Hara<br/>Source: OpenStreetMap-derived japan_pois.py]]></description><Point><coordinates>138.1969287,35.9549224,0</coordinates></Point></Placemark>
<Placemark><name>八ヶ岳PA (下り) (Yatsugatake PA (Kudari))</name><description><![CDATA[Original: 八ヶ岳PA (下り)<br/>Romaji: Yatsugatake<br/>Source: OpenStreetMap-derived japan_pois.py]]></description><Point><coordinates>138.3648807,35.8447132,0</coordinates></Point></Placemark>
<Placemark><name>八ヶ岳PA (上り) (Yatsugatake PA (Nobori))</name><description><![CDATA[Original: 八ヶ岳PA (上り)<br/>Romaji: Yatsugatake<br/>Source: OpenStreetMap-derived japan_pois.py]]></description><Point><coordinates>138.3685836,35.8456183,0</coordinates></Point></Placemark>
<Placemark><name>双葉SA (Futaba SA)</name><description><![CDATA[Original: 双葉SA<br/>Romaji: Futaba<br/>Source: OpenStreetMap-derived japan_pois.py]]></description><Point><coordinates>138.5112275,35.6796602,0</coordinates></Point></Placemark>
<Placemark><name>境川PA (下り) (Sakai-gawa PA (Kudari))</name><description><![CDATA[Original: 境川PA (下り)<br/>Romaji: Sakai-gawa<br/>Source: OpenStreetMap-derived japan_pois.py]]></description><Point><coordinates>138.6027703,35.5997030,0</coordinates></Point></Placemark>
<Placemark><name>境川PA (上り) (Sakai-gawa PA (Nobori))</name><description><![CDATA[Original: 境川PA (上り)<br/>Romaji: Sakai-gawa<br/>Source: OpenStreetMap-derived japan_pois.py]]></description><Point><coordinates>138.6052876,35.6020081,0</coordinates></Point></Placemark>
<Placemark><name>談合坂SA (下り) (Dangozaka SA (Kudari))</name><description><![CDATA[Original: 談合坂SA (下り)<br/>Romaji: Dangozaka<br/>Source: OpenStreetMap-derived japan_pois.py]]></description><Point><coordinates>139.0638223,35.6326284,0</coordinates></Point></Placemark>
<Placemark><name>寄居PA (上り) (Yorii PA (Nobori))</name><description><![CDATA[Original: 寄居PA (上り)<br/>Romaji: Yorii<br/>Source: OpenStreetMap-derived japan_pois.py]]></description><Point><coordinates>139.1935018,36.1749378,0</coordinates></Point></Placemark>
<Placemark><name>磐梯山SA (下り) (Bandaisan SA (Kudari))</name><description><![CDATA[Original: 磐梯山SA (下り)<br/>Romaji: Bandaisan<br/>Source: OpenStreetMap-derived japan_pois.py]]></description><Point><coordinates>140.0293729,37.5358729,0</coordinates></Point></Placemark>
<Placemark><name>磐梯山SA (上り) (Bandaisan SA (Nobori))</name><description><![CDATA[Original: 磐梯山SA (上り)<br/>Romaji: Bandaisan<br/>Source: OpenStreetMap-derived japan_pois.py]]></description><Point><coordinates>140.0326868,37.5366244,0</coordinates></Point></Placemark>
<Placemark><name>諏訪湖SA (下り) (Suwako SA (Kudari))</name><description><![CDATA[Original: 諏訪湖SA (下り)<br/>Romaji: Suwako<br/>Source: OpenStreetMap-derived japan_pois.py]]></description><Point><coordinates>138.0756441,36.0266388,0</coordinates></Point></Placemark>
<Placemark><name>諏訪湖SA (上り) (Suwako SA (Nobori))</name><description><![CDATA[Original: 諏訪湖SA (上り)<br/>Romaji: Suwako<br/>Source: OpenStreetMap-derived japan_pois.py]]></description><Point><coordinates>138.0775636,36.0269842,0</coordinates></Point></Placemark>
<Placemark><name>駒ヶ岳SA (上り) (Komagatake SA (Nobori))</name><description><![CDATA[Original: 駒ヶ岳SA (上り)<br/>Romaji: Komagatake<br/>Source: OpenStreetMap-derived japan_pois.py]]></description><Point><coordinates>137.9060564,35.7114182,0</coordinates></Point></Placemark>
<Placemark><name>駒ヶ岳SA (下り) (Komagatake SA (Kudari))</name><description><![CDATA[Original: 駒ヶ岳SA (下り)<br/>Romaji: Komagatake<br/>Source: OpenStreetMap-derived japan_pois.py]]></description><Point><coordinates>137.9089542,35.7127846,0</coordinates></Point></Placemark>
<Placemark><name>小黒川PA (上り) (Ogurokawa PA (Nobori))</name><description><![CDATA[Original: 小黒川PA (上り)<br/>Romaji: Ogurokawa<br/>Source: OpenStreetMap-derived japan_pois.py]]></description><Point><coordinates>137.9323143,35.8412949,0</coordinates></Point></Placemark>
<Placemark><name>辰野PA (下り) (Tatsuno PA (Kudari))</name><description><![CDATA[Original: 辰野PA (下り)<br/>Romaji: Tatsuno<br/>Source: OpenStreetMap-derived japan_pois.py]]></description><Point><coordinates>138.0034876,35.9755680,0</coordinates></Point></Placemark>
<Placemark><name>辰野PA (上り) (Tatsuno PA (Nobori))</name><description><![CDATA[Original: 辰野PA (上り)<br/>Romaji: Tatsuno<br/>Source: OpenStreetMap-derived japan_pois.py]]></description><Point><coordinates>138.0029576,35.9761065,0</coordinates></Point></Placemark>
<Placemark><name>谷田部東PA (下り) (Yatabe-Higashi PA (Kudari))</name><description><![CDATA[Original: 谷田部東PA (下り)<br/>Romaji: Yatabe-Higashi<br/>Source: OpenStreetMap-derived japan_pois.py]]></description><Point><coordinates>140.1373226,36.0392447,0</coordinates></Point></Placemark>
<Placemark><name>有磯海SA (上り) (Arisoumi SA (Nobori))</name><description><![CDATA[Original: 有磯海SA (上り)<br/>Romaji: Arisoumi<br/>Source: OpenStreetMap-derived japan_pois.py]]></description><Point><coordinates>137.3995465,36.7699741,0</coordinates></Point></Placemark>
<Placemark><name>有磯海SA (下り) (Arisoumi SA (Kudari))</name><description><![CDATA[Original: 有磯海SA (下り)<br/>Romaji: Arisoumi<br/>Source: OpenStreetMap-derived japan_pois.py]]></description><Point><coordinates>137.4185226,36.7966228,0</coordinates></Point></Placemark>
<Placemark><name>大浜PA (下り) (Ohama PA (Kudari))</name><description><![CDATA[Original: 大浜PA (下り)<br/>Romaji: Ohama<br/>Source: OpenStreetMap-derived japan_pois.py]]></description><Point><coordinates>133.1703495,34.3521126,0</coordinates></Point></Placemark>
<Placemark><name>大浜PA (上り) (Ohama PA (Nobori))</name><description><![CDATA[Original: 大浜PA (上り)<br/>Romaji: Ohama<br/>Source: OpenStreetMap-derived japan_pois.py]]></description><Point><coordinates>133.1696574,34.3526615,0</coordinates></Point></Placemark>
<Placemark><name>湯瀬PA (上り) (Yuze PA (Nobori))</name><description><![CDATA[Original: 湯瀬PA (上り)<br/>Romaji: Yuze<br/>Source: OpenStreetMap-derived japan_pois.py]]></description><Point><coordinates>140.8366729,40.1262674,0</coordinates></Point></Placemark>
<Placemark><name>湯瀬PA (下り) (Yuze PA (Kudari))</name><description><![CDATA[Original: 湯瀬PA (下り)<br/>Romaji: Yuze<br/>Source: OpenStreetMap-derived japan_pois.py]]></description><Point><coordinates>140.8346470,40.1258209,0</coordinates></Point></Placemark>
<Placemark><name>さんぱーる (sanparu)</name><description><![CDATA[Original: さんぱーる<br/>Romaji: sanparu<br/>Source: OpenStreetMap-derived japan_pois.py]]></description><Point><coordinates>130.4201035,32.5769579,0</coordinates></Point></Placemark>
<Placemark><name>平塚PA (下り) (Hiratsuka PA (Kudari))</name><description><![CDATA[Original: 平塚PA (下り)<br/>Romaji: Hiratsuka<br/>Source: OpenStreetMap-derived japan_pois.py]]></description><Point><coordinates>139.3064206,35.3627755,0</coordinates></Point></Placemark>
<Placemark><name>小田原PA (下り) (Odawara PA (Kudari))</name><description><![CDATA[Original: 小田原PA (下り)<br/>Romaji: Odawara<br/>Source: OpenStreetMap-derived japan_pois.py]]></description><Point><coordinates>139.1729292,35.2874045,0</coordinates></Point></Placemark>
<Placemark><name>前森山PA (上り) (Maemoriyama PA (Nobori))</name><description><![CDATA[Original: 前森山PA (上り)<br/>Romaji: Maemoriyama<br/>Source: OpenStreetMap-derived japan_pois.py]]></description><Point><coordinates>141.0257702,39.9708333,0</coordinates></Point></Placemark>
<Placemark><name>前森山PA (下り) (Maemoriyama PA (Kudari))</name><description><![CDATA[Original: 前森山PA (下り)<br/>Romaji: Maemoriyama<br/>Source: OpenStreetMap-derived japan_pois.py]]></description><Point><coordinates>141.0250605,39.9703029,0</coordinates></Point></Placemark>
<Placemark><name>畑PA (上り) (Hata PA (Nobori))</name><description><![CDATA[Original: 畑PA (上り)<br/>Romaji: Hata<br/>Source: OpenStreetMap-derived japan_pois.py]]></description><Point><coordinates>141.0190794,40.0575232,0</coordinates></Point></Placemark>
<Placemark><name>畑PA (下り) (Hata PA (Kudari))</name><description><![CDATA[Original: 畑PA (下り)<br/>Romaji: Hata<br/>Source: OpenStreetMap-derived japan_pois.py]]></description><Point><coordinates>141.0182190,40.0585175,0</coordinates></Point></Placemark>
<Placemark><name>長篠設楽原PA (下り) (Nagashino-Shitara-ga-hara PA (Kudari))</name><description><![CDATA[Original: 長篠設楽原PA (下り)<br/>Romaji: Nagashino-Shitara-ga-hara<br/>Source: OpenStreetMap-derived japan_pois.py]]></description><Point><coordinates>137.5122180,34.9254133,0</coordinates></Point></Placemark>
<Placemark><name>錦江にしきの里</name><description><![CDATA[Original: 錦江にしきの里<br/>Romaji: (not confidently available)<br/>Source: OpenStreetMap-derived japan_pois.py]]></description><Point><coordinates>130.7930608,31.2746882,0</coordinates></Point></Placemark>
<Placemark><name>阿波PA (下り) (Awa PA (Kudari))</name><description><![CDATA[Original: 阿波PA (下り)<br/>Romaji: Awa<br/>Source: OpenStreetMap-derived japan_pois.py]]></description><Point><coordinates>134.2062517,34.0883063,0</coordinates></Point></Placemark>
<Placemark><name>阿波PA (上り) (Awa PA (Nobori))</name><description><![CDATA[Original: 阿波PA (上り)<br/>Romaji: Awa<br/>Source: OpenStreetMap-derived japan_pois.py]]></description><Point><coordinates>134.2066433,34.0901857,0</coordinates></Point></Placemark>
<Placemark><name>小坂PA (上り) (Kosaka PA (Nobori))</name><description><![CDATA[Original: 小坂PA (上り)<br/>Romaji: Kosaka<br/>Source: OpenStreetMap-derived japan_pois.py]]></description><Point><coordinates>140.7315460,40.3451318,0</coordinates></Point></Placemark>
<Placemark><name>小坂PA (下り) (Kosaka PA (Kudari))</name><description><![CDATA[Original: 小坂PA (下り)<br/>Romaji: Kosaka<br/>Source: OpenStreetMap-derived japan_pois.py]]></description><Point><coordinates>140.7304683,40.3444445,0</coordinates></Point></Placemark>
<Placemark><name>花輪SA (下り) (Hanawa SA (Kudari))</name><description><![CDATA[Original: 花輪SA (下り)<br/>Romaji: Hanawa<br/>Source: OpenStreetMap-derived japan_pois.py]]></description><Point><coordinates>140.8035724,40.1871719,0</coordinates></Point></Placemark>
<Placemark><name>花輪SA (上り) (Hanawa SA (Nobori))</name><description><![CDATA[Original: 花輪SA (上り)<br/>Romaji: Hanawa<br/>Source: OpenStreetMap-derived japan_pois.py]]></description><Point><coordinates>140.8016767,40.1835976,0</coordinates></Point></Placemark>
<Placemark><name>田山PA (上り) (Tayama PA (Nobori))</name><description><![CDATA[Original: 田山PA (上り)<br/>Romaji: Tayama<br/>Source: OpenStreetMap-derived japan_pois.py]]></description><Point><coordinates>140.9610153,40.1371432,0</coordinates></Point></Placemark>
<Placemark><name>田山PA (下り) (Tayama PA (Kudari))</name><description><![CDATA[Original: 田山PA (下り)<br/>Romaji: Tayama<br/>Source: OpenStreetMap-derived japan_pois.py]]></description><Point><coordinates>140.9614386,40.1365636,0</coordinates></Point></Placemark>
<Placemark><name>二戸PA (下り) (Ninohe PA (Kudari))</name><description><![CDATA[Original: 二戸PA (下り)<br/>Romaji: Ninohe<br/>Source: OpenStreetMap-derived japan_pois.py]]></description><Point><coordinates>141.2185391,40.2112892,0</coordinates></Point></Placemark>
<Placemark><name>二戸PA (上り) (Ninohe PA (Nobori))</name><description><![CDATA[Original: 二戸PA (上り)<br/>Romaji: Ninohe<br/>Source: OpenStreetMap-derived japan_pois.py]]></description><Point><coordinates>141.2191443,40.2103879,0</coordinates></Point></Placemark>
<Placemark><name>折爪SA (下り) (Orizume SA (Kudari))</name><description><![CDATA[Original: 折爪SA (下り)<br/>Romaji: Orizume<br/>Source: OpenStreetMap-derived japan_pois.py]]></description><Point><coordinates>141.4221814,40.2968987,0</coordinates></Point></Placemark>
<Placemark><name>福地PA (下り) (Fukuchi PA (Kudari))</name><description><![CDATA[Original: 福地PA (下り)<br/>Romaji: Fukuchi<br/>Source: OpenStreetMap-derived japan_pois.py]]></description><Point><coordinates>141.4488151,40.4435376,0</coordinates></Point></Placemark>
<Placemark><name>福地PA (上り) (Fukuchi PA (Nobori))</name><description><![CDATA[Original: 福地PA (上り)<br/>Romaji: Fukuchi<br/>Source: OpenStreetMap-derived japan_pois.py]]></description><Point><coordinates>141.4503221,40.4445949,0</coordinates></Point></Placemark>
<Placemark><name>岩手山SA (下り) (Iwatesan SA (Kudari))</name><description><![CDATA[Original: 岩手山SA (下り)<br/>Romaji: Iwatesan<br/>Source: OpenStreetMap-derived japan_pois.py]]></description><Point><coordinates>141.0454128,39.9139607,0</coordinates></Point></Placemark>
<Placemark><name>岩手山SA (上り) (Iwatesan SA (Nobori))</name><description><![CDATA[Original: 岩手山SA (上り)<br/>Romaji: Iwatesan<br/>Source: OpenStreetMap-derived japan_pois.py]]></description><Point><coordinates>141.0465221,39.9154660,0</coordinates></Point></Placemark>
<Placemark><name>滝沢PA (上り) (Takizawa PA (Nobori))</name><description><![CDATA[Original: 滝沢PA (上り)<br/>Romaji: Takizawa<br/>Source: OpenStreetMap-derived japan_pois.py]]></description><Point><coordinates>141.1099138,39.7802120,0</coordinates></Point></Placemark>
<Placemark><name>滝沢PA (下り) (Takizawa PA (Kudari))</name><description><![CDATA[Original: 滝沢PA (下り)<br/>Romaji: Takizawa<br/>Source: OpenStreetMap-derived japan_pois.py]]></description><Point><coordinates>141.1087498,39.7800610,0</coordinates></Point></Placemark>
<Placemark><name>矢巾PA (上り) (Yahaba PA (Nobori))</name><description><![CDATA[Original: 矢巾PA (上り)<br/>Romaji: Yahaba<br/>Source: OpenStreetMap-derived japan_pois.py]]></description><Point><coordinates>141.1304316,39.6187698,0</coordinates></Point></Placemark>
<Placemark><name>矢巾PA (下り) (Yahaba PA (Kudari))</name><description><![CDATA[Original: 矢巾PA (下り)<br/>Romaji: Yahaba<br/>Source: OpenStreetMap-derived japan_pois.py]]></description><Point><coordinates>141.1293610,39.6187689,0</coordinates></Point></Placemark>
<Placemark><name>紫波SA (下り) (Shiwa SA (Kudari))</name><description><![CDATA[Original: 紫波SA (下り)<br/>Romaji: Shiwa<br/>Source: OpenStreetMap-derived japan_pois.py]]></description><Point><coordinates>141.1015102,39.5153388,0</coordinates></Point></Placemark>
<Placemark><name>紫波SA (上り) (Shiwa SA (Nobori))</name><description><![CDATA[Original: 紫波SA (上り)<br/>Romaji: Shiwa<br/>Source: OpenStreetMap-derived japan_pois.py]]></description><Point><coordinates>141.1030569,39.5147702,0</coordinates></Point></Placemark>
<Placemark><name>北上金ヶ崎PA (上り) (Kitakami-Kanegasaki PA (Nobori))</name><description><![CDATA[Original: 北上金ヶ崎PA (上り)<br/>Romaji: Kitakami-Kanegasaki<br/>Source: OpenStreetMap-derived japan_pois.py]]></description><Point><coordinates>141.0797283,39.2409088,0</coordinates></Point></Placemark>
<Placemark><name>北上金ヶ崎PA (下り) (Kitakami-Kanegasaki PA (Kudari))</name><description><![CDATA[Original: 北上金ヶ崎PA (下り)<br/>Romaji: Kitakami-Kanegasaki<br/>Source: OpenStreetMap-derived japan_pois.py]]></description><Point><coordinates>141.0785859,39.2409726,0</coordinates></Point></Placemark>
<Placemark><name>前沢SA (上り) (Maesawa SA (Nobori))</name><description><![CDATA[Original: 前沢SA (上り)<br/>Romaji: Maesawa<br/>Source: OpenStreetMap-derived japan_pois.py]]></description><Point><coordinates>141.1029858,39.0673266,0</coordinates></Point></Placemark>
<Placemark><name>前沢SA (下り) (Maesawa SA (Kudari))</name><description><![CDATA[Original: 前沢SA (下り)<br/>Romaji: Maesawa<br/>Source: OpenStreetMap-derived japan_pois.py]]></description><Point><coordinates>141.1001156,39.0674849,0</coordinates></Point></Placemark>
<Placemark><name>中尊寺PA (下り) (Chusonji PA (Kudari))</name><description><![CDATA[Original: 中尊寺PA (下り)<br/>Romaji: Chusonji<br/>Source: OpenStreetMap-derived japan_pois.py]]></description><Point><coordinates>141.1078709,38.9813733,0</coordinates></Point></Placemark>
<Placemark><name>中尊寺PA (上り) (Chusonji PA (Nobori))</name><description><![CDATA[Original: 中尊寺PA (上り)<br/>Romaji: Chusonji<br/>Source: OpenStreetMap-derived japan_pois.py]]></description><Point><coordinates>141.1120100,38.9632805,0</coordinates></Point></Placemark>
<Placemark><name>金成PA (上り) (Kannari PA (Nobori))</name><description><![CDATA[Original: 金成PA (上り)<br/>Romaji: Kannari<br/>Source: OpenStreetMap-derived japan_pois.py]]></description><Point><coordinates>141.0961813,38.8419828,0</coordinates></Point></Placemark>
<Placemark><name>金成PA (下り) (Kannari PA (Kudari))</name><description><![CDATA[Original: 金成PA (下り)<br/>Romaji: Kannari<br/>Source: OpenStreetMap-derived japan_pois.py]]></description><Point><coordinates>141.0955719,38.8410125,0</coordinates></Point></Placemark>
<Placemark><name>志波姫PA (上り) (Shiwahime PA (Nobori))</name><description><![CDATA[Original: 志波姫PA (上り)<br/>Romaji: Shiwahime<br/>Source: OpenStreetMap-derived japan_pois.py]]></description><Point><coordinates>141.0471642,38.7474330,0</coordinates></Point></Placemark>
<Placemark><name>志波姫PA (下り) (Shiwahime PA (Kudari))</name><description><![CDATA[Original: 志波姫PA (下り)<br/>Romaji: Shiwahime<br/>Source: OpenStreetMap-derived japan_pois.py]]></description><Point><coordinates>141.0459712,38.7472866,0</coordinates></Point></Placemark>
<Placemark><name>長者原SA (上り) (Chojabara SA (Nobori))</name><description><![CDATA[Original: 長者原SA (上り)<br/>Romaji: Chojabara<br/>Source: OpenStreetMap-derived japan_pois.py]]></description><Point><coordinates>140.9621088,38.6367775,0</coordinates></Point></Placemark>
<Placemark><name>長者原SA (下り) (Chojabara SA (Kudari))</name><description><![CDATA[Original: 長者原SA (下り)<br/>Romaji: Chojabara<br/>Source: OpenStreetMap-derived japan_pois.py]]></description><Point><coordinates>140.9592496,38.6374073,0</coordinates></Point></Placemark>
<Placemark><name>三本木PA (上り) (Sanbongi PA (Nobori))</name><description><![CDATA[Original: 三本木PA (上り)<br/>Romaji: Sanbongi<br/>Source: OpenStreetMap-derived japan_pois.py]]></description><Point><coordinates>140.9309832,38.5156714,0</coordinates></Point></Placemark>
<Placemark><name>三本木PA (下り) (Sanbongi PA (Kudari))</name><description><![CDATA[Original: 三本木PA (下り)<br/>Romaji: Sanbongi<br/>Source: OpenStreetMap-derived japan_pois.py]]></description><Point><coordinates>140.9298839,38.5158859,0</coordinates></Point></Placemark>
<Placemark><name>鶴巣PA (下り) (Tsukusu PA (Kudari))</name><description><![CDATA[Original: 鶴巣PA (下り)<br/>Romaji: Tsukusu<br/>Source: OpenStreetMap-derived japan_pois.py]]></description><Point><coordinates>140.9150703,38.4127551,0</coordinates></Point></Placemark>
<Placemark><name>鶴巣PA (上り) (Tsukusu PA (Nobori))</name><description><![CDATA[Original: 鶴巣PA (上り)<br/>Romaji: Tsukusu<br/>Source: OpenStreetMap-derived japan_pois.py]]></description><Point><coordinates>140.9138865,38.4088543,0</coordinates></Point></Placemark>
<Placemark><name>泉PA (上り) (Izumi PA (Nobori))</name><description><![CDATA[Original: 泉PA (上り)<br/>Romaji: Izumi<br/>Source: OpenStreetMap-derived japan_pois.py]]></description><Point><coordinates>140.8530633,38.3247167,0</coordinates></Point></Placemark>
<Placemark><name>菅生PA (上り) (Sugo PA (Nobori))</name><description><![CDATA[Original: 菅生PA (上り)<br/>Romaji: Sugo<br/>Source: OpenStreetMap-derived japan_pois.py]]></description><Point><coordinates>140.7657684,38.1672473,0</coordinates></Point></Placemark>
<Placemark><name>菅生PA (下り) (Sugo PA (Kudari))</name><description><![CDATA[Original: 菅生PA (下り)<br/>Romaji: Sugo<br/>Source: OpenStreetMap-derived japan_pois.py]]></description><Point><coordinates>140.7656008,38.1681234,0</coordinates></Point></Placemark>
<Placemark><name>蔵王PA (上り) (Zao PA (Nobori))</name><description><![CDATA[Original: 蔵王PA (上り)<br/>Romaji: Zao<br/>Source: OpenStreetMap-derived japan_pois.py]]></description><Point><coordinates>140.6607843,38.0693627,0</coordinates></Point></Placemark>
<Placemark><name>蔵王PA (下り) (Zao PA (Kudari))</name><description><![CDATA[Original: 蔵王PA (下り)<br/>Romaji: Zao<br/>Source: OpenStreetMap-derived japan_pois.py]]></description><Point><coordinates>140.6606118,38.0699294,0</coordinates></Point></Placemark>
<Placemark><name>千代田PA (下り) (Chiyoda PA (Kudari))</name><description><![CDATA[Original: 千代田PA (下り)<br/>Romaji: Chiyoda<br/>Source: OpenStreetMap-derived japan_pois.py]]></description><Point><coordinates>140.2111485,36.1472808,0</coordinates></Point></Placemark>
<Placemark><name>千代田PA (上り) (Chiyoda PA (Nobori))</name><description><![CDATA[Original: 千代田PA (上り)<br/>Romaji: Chiyoda<br/>Source: OpenStreetMap-derived japan_pois.py]]></description><Point><coordinates>140.2111337,36.1452437,0</coordinates></Point></Placemark>
<Placemark><name>美野里PA (下り) (Minori PA (Kudari))</name><description><![CDATA[Original: 美野里PA (下り)<br/>Romaji: Minori<br/>Source: OpenStreetMap-derived japan_pois.py]]></description><Point><coordinates>140.2964734,36.2354264,0</coordinates></Point></Placemark>
<Placemark><name>美野里PA (上り) (Minori PA (Nobori))</name><description><![CDATA[Original: 美野里PA (上り)<br/>Romaji: Minori<br/>Source: OpenStreetMap-derived japan_pois.py]]></description><Point><coordinates>140.2979475,36.2357613,0</coordinates></Point></Placemark>
<Placemark><name>東海PA (下り) (Tokai PA (Kudari))</name><description><![CDATA[Original: 東海PA (下り)<br/>Romaji: Tokai<br/>Source: OpenStreetMap-derived japan_pois.py]]></description><Point><coordinates>140.5508164,36.4851172,0</coordinates></Point></Placemark>
<Placemark><name>日立中央PA (上り) (Hitachi-Chuo PA (Nobori))</name><description><![CDATA[Original: 日立中央PA (上り)<br/>Romaji: Hitachi-Chuo<br/>Source: OpenStreetMap-derived japan_pois.py]]></description><Point><coordinates>140.6371850,36.6019851,0</coordinates></Point></Placemark>
<Placemark><name>関本PA (下り) (Sekimoto PA (Kudari))</name><description><![CDATA[Original: 関本PA (下り)<br/>Romaji: Sekimoto<br/>Source: OpenStreetMap-derived japan_pois.py]]></description><Point><coordinates>140.7419776,36.8680842,0</coordinates></Point></Placemark>
<Placemark><name>関本PA (上り) (Sekimoto PA (Nobori))</name><description><![CDATA[Original: 関本PA (上り)<br/>Romaji: Sekimoto<br/>Source: OpenStreetMap-derived japan_pois.py]]></description><Point><coordinates>140.7433360,36.8665980,0</coordinates></Point></Placemark>
<Placemark><name>五百川PA (下り) (Gohyakugawa PA (Kudari))</name><description><![CDATA[Original: 五百川PA (下り)<br/>Romaji: Gohyakugawa<br/>Source: OpenStreetMap-derived japan_pois.py]]></description><Point><coordinates>140.3150589,37.4853271,0</coordinates></Point></Placemark>
<Placemark><name>五百川PA (上り) (Gohyakugawa PA (Nobori))</name><description><![CDATA[Original: 五百川PA (上り)<br/>Romaji: Gohyakugawa<br/>Source: OpenStreetMap-derived japan_pois.py]]></description><Point><coordinates>140.3167051,37.4864927,0</coordinates></Point></Placemark>
<Placemark><name>新鶴PA (下り) (Niitsuru PA (Kudari))</name><description><![CDATA[Original: 新鶴PA (下り)<br/>Romaji: Niitsuru<br/>Source: OpenStreetMap-derived japan_pois.py]]></description><Point><coordinates>139.8408814,37.5294002,0</coordinates></Point></Placemark>
<Placemark><name>新鶴PA (上り) (Niitsuru PA (Nobori))</name><description><![CDATA[Original: 新鶴PA (上り)<br/>Romaji: Niitsuru<br/>Source: OpenStreetMap-derived japan_pois.py]]></description><Point><coordinates>139.8409540,37.5303500,0</coordinates></Point></Placemark>
<Placemark><name>上川PA (下り) (Kamikawa PA (Kudari))</name><description><![CDATA[Original: 上川PA (下り)<br/>Romaji: Kamikawa<br/>Source: OpenStreetMap-derived japan_pois.py]]></description><Point><coordinates>139.4744869,37.6505950,0</coordinates></Point></Placemark>
<Placemark><name>上川PA (上り) (Kamikawa PA (Nobori))</name><description><![CDATA[Original: 上川PA (上り)<br/>Romaji: Kamikawa<br/>Source: OpenStreetMap-derived japan_pois.py]]></description><Point><coordinates>139.4775515,37.6495926,0</coordinates></Point></Placemark>
<Placemark><name>四倉PA (上り) (Yotsukura PA (Nobori))</name><description><![CDATA[Original: 四倉PA (上り)<br/>Romaji: Yotsukura<br/>Source: OpenStreetMap-derived japan_pois.py]]></description><Point><coordinates>140.9113580,37.1160989,0</coordinates></Point></Placemark>
<Placemark><name>四倉PA (下り) (Yotsukura PA (Kudari))</name><description><![CDATA[Original: 四倉PA (下り)<br/>Romaji: Yotsukura<br/>Source: OpenStreetMap-derived japan_pois.py]]></description><Point><coordinates>140.9114158,37.1170478,0</coordinates></Point></Placemark>
<Placemark><name>春日PA (下り) (Kasuga PA (Kudari))</name><description><![CDATA[Original: 春日PA (下り)<br/>Romaji: Kasuga<br/>Source: OpenStreetMap-derived japan_pois.py]]></description><Point><coordinates>141.0093262,38.3500020,0</coordinates></Point></Placemark>
<Placemark><name>錦秋湖SA (Kinshuko SA)</name><description><![CDATA[Original: 錦秋湖SA<br/>Romaji: Kinshuko<br/>Source: OpenStreetMap-derived japan_pois.py]]></description><Point><coordinates>140.8442396,39.2987285,0</coordinates></Point></Placemark>
<Placemark><name>美東SA (下り) (Mitou SA (Kudari))</name><description><![CDATA[Original: 美東SA (下り)<br/>Romaji: Mitou<br/>Source: OpenStreetMap-derived japan_pois.py]]></description><Point><coordinates>131.3378610,34.1524998,0</coordinates></Point></Placemark>
<Placemark><name>美東SA (上り) (Mitou SA (Nobori))</name><description><![CDATA[Original: 美東SA (上り)<br/>Romaji: Mitou<br/>Source: OpenStreetMap-derived japan_pois.py]]></description><Point><coordinates>131.3368840,34.1546209,0</coordinates></Point></Placemark>
<Placemark><name>鹿野SA (下り) (Kano SA (Kudari))</name><description><![CDATA[Original: 鹿野SA (下り)<br/>Romaji: Kano<br/>Source: OpenStreetMap-derived japan_pois.py]]></description><Point><coordinates>131.8018740,34.2213231,0</coordinates></Point></Placemark>
<Placemark><name>鹿野SA (上り) (Kano SA (Nobori))</name><description><![CDATA[Original: 鹿野SA (上り)<br/>Romaji: Kano<br/>Source: OpenStreetMap-derived japan_pois.py]]></description><Point><coordinates>131.7945471,34.2200170,0</coordinates></Point></Placemark>
<Placemark><name>朝倉PA (下り) (Asakura PA (Kudari))</name><description><![CDATA[Original: 朝倉PA (下り)<br/>Romaji: Asakura<br/>Source: OpenStreetMap-derived japan_pois.py]]></description><Point><coordinates>131.9007152,34.3581611,0</coordinates></Point></Placemark>
<Placemark><name>朝倉PA (上り) (Asakura PA (Nobori))</name><description><![CDATA[Original: 朝倉PA (上り)<br/>Romaji: Asakura<br/>Source: OpenStreetMap-derived japan_pois.py]]></description><Point><coordinates>131.8998245,34.3592418,0</coordinates></Point></Placemark>
<Placemark><name>吉和SA (下り) (Yoshiwa SA (Kudari))</name><description><![CDATA[Original: 吉和SA (下り)<br/>Romaji: Yoshiwa<br/>Source: OpenStreetMap-derived japan_pois.py]]></description><Point><coordinates>132.1303365,34.4762737,0</coordinates></Point></Placemark>
<Placemark><name>吉和SA (上り) (Yoshiwa SA (Nobori))</name><description><![CDATA[Original: 吉和SA (上り)<br/>Romaji: Yoshiwa<br/>Source: OpenStreetMap-derived japan_pois.py]]></description><Point><coordinates>132.1304729,34.4775119,0</coordinates></Point></Placemark>
<Placemark><name>安佐SA (下り) (Asa SA (Kudari))</name><description><![CDATA[Original: 安佐SA (下り)<br/>Romaji: Asa<br/>Source: OpenStreetMap-derived japan_pois.py]]></description><Point><coordinates>132.4842206,34.5883980,0</coordinates></Point></Placemark>
<Placemark><name>安佐SA (上り) (Asa SA (Nobori))</name><description><![CDATA[Original: 安佐SA (上り)<br/>Romaji: Asa<br/>Source: OpenStreetMap-derived japan_pois.py]]></description><Point><coordinates>132.4780547,34.5870455,0</coordinates></Point></Placemark>
<Placemark><name>七塚原SA (下り) (Nanatsukahara SA (Kudari))</name><description><![CDATA[Original: 七塚原SA (下り)<br/>Romaji: Nanatsukahara<br/>Source: OpenStreetMap-derived japan_pois.py]]></description><Point><coordinates>132.9595496,34.8262663,0</coordinates></Point></Placemark>
<Placemark><name>七塚原SA (上り) (Nanatsukahara SA (Nobori))</name><description><![CDATA[Original: 七塚原SA (上り)<br/>Romaji: Nanatsukahara<br/>Source: OpenStreetMap-derived japan_pois.py]]></description><Point><coordinates>132.9578787,34.8272941,0</coordinates></Point></Placemark>
<Placemark><name>大佐SA (下り) (Osa SA (Kudari))</name><description><![CDATA[Original: 大佐SA (下り)<br/>Romaji: Osa<br/>Source: OpenStreetMap-derived japan_pois.py]]></description><Point><coordinates>133.5399309,35.0348790,0</coordinates></Point></Placemark>
<Placemark><name>大佐SA (上り) (Osa SA (Nobori))</name><description><![CDATA[Original: 大佐SA (上り)<br/>Romaji: Osa<br/>Source: OpenStreetMap-derived japan_pois.py]]></description><Point><coordinates>133.5418852,35.0366083,0</coordinates></Point></Placemark>
<Placemark><name>勝央SA (上り) (Shoo SA (Nobori))</name><description><![CDATA[Original: 勝央SA (上り)<br/>Romaji: Shoo<br/>Source: OpenStreetMap-derived japan_pois.py]]></description><Point><coordinates>134.1010005,35.0452733,0</coordinates></Point></Placemark>
<Placemark><name>安富PA (下り) (Yasutomi PA (Kudari))</name><description><![CDATA[Original: 安富PA (下り)<br/>Romaji: Yasutomi<br/>Source: OpenStreetMap-derived japan_pois.py]]></description><Point><coordinates>134.6032904,34.9842106,0</coordinates></Point></Placemark>
<Placemark><name>安富PA (上り) (Yasutomi PA (Nobori))</name><description><![CDATA[Original: 安富PA (上り)<br/>Romaji: Yasutomi<br/>Source: OpenStreetMap-derived japan_pois.py]]></description><Point><coordinates>134.6039148,34.9847229,0</coordinates></Point></Placemark>
<Placemark><name>加西SA (下り) (Kasai SA (Kudari))</name><description><![CDATA[Original: 加西SA (下り)<br/>Romaji: Kasai<br/>Source: OpenStreetMap-derived japan_pois.py]]></description><Point><coordinates>134.7991968,34.9464737,0</coordinates></Point></Placemark>
<Placemark><name>加西SA (上り) (Kasai SA (Nobori))</name><description><![CDATA[Original: 加西SA (上り)<br/>Romaji: Kasai<br/>Source: OpenStreetMap-derived japan_pois.py]]></description><Point><coordinates>134.8018603,34.9479193,0</coordinates></Point></Placemark>
<Placemark><name>社PA (上り) (Yashiro PA (Nobori))</name><description><![CDATA[Original: 社PA (上り)<br/>Romaji: Yashiro<br/>Source: OpenStreetMap-derived japan_pois.py]]></description><Point><coordinates>134.9999729,34.9202565,0</coordinates></Point></Placemark>
<Placemark><name>社PA (下り) (Yashiro PA (Kudari))</name><description><![CDATA[Original: 社PA (下り)<br/>Romaji: Yashiro<br/>Source: OpenStreetMap-derived japan_pois.py]]></description><Point><coordinates>135.0001537,34.9192250,0</coordinates></Point></Placemark>
<Placemark><name>西宮名塩SA (下り) (Nishinomiya-Najio SA (Kudari))</name><description><![CDATA[Original: 西宮名塩SA (下り)<br/>Romaji: Nishinomiya-Najio<br/>Source: OpenStreetMap-derived japan_pois.py]]></description><Point><coordinates>135.2949621,34.8280610,0</coordinates></Point></Placemark>
<Placemark><name>西宮名塩SA (上り) (Nishinomiya-Najio SA (Nobori))</name><description><![CDATA[Original: 西宮名塩SA (上り)<br/>Romaji: Nishinomiya-Najio<br/>Source: OpenStreetMap-derived japan_pois.py]]></description><Point><coordinates>135.2958631,34.8288678,0</coordinates></Point></Placemark>
<Placemark><name>桂川PA(上り) (Katsuragawa PA (Nobori))</name><description><![CDATA[Original: 桂川PA(上り)<br/>Romaji: Katsuragawa<br/>Source: OpenStreetMap-derived japan_pois.py]]></description><Point><coordinates>135.7208902,34.9442261,0</coordinates></Point></Placemark>
<Placemark><name>菩提寺PA (下り) (Bodaiji PA (Kudari))</name><description><![CDATA[Original: 菩提寺PA (下り)<br/>Romaji: Bodaiji<br/>Source: OpenStreetMap-derived japan_pois.py]]></description><Point><coordinates>136.0575802,35.0416128,0</coordinates></Point></Placemark>
<Placemark><name>菩提寺PA (上り) (Bodaiji PA (Nobori))</name><description><![CDATA[Original: 菩提寺PA (上り)<br/>Romaji: Bodaiji<br/>Source: OpenStreetMap-derived japan_pois.py]]></description><Point><coordinates>136.0590323,35.0431512,0</coordinates></Point></Placemark>
<Placemark><name>黒丸PA (下り) (Kuromaru PA (Kudari))</name><description><![CDATA[Original: 黒丸PA (下り)<br/>Romaji: Kuromaru<br/>Source: OpenStreetMap-derived japan_pois.py]]></description><Point><coordinates>136.1927945,35.0779251,0</coordinates></Point></Placemark>
<Placemark><name>黒丸PA (上り) (Kuromaru PA (Nobori))</name><description><![CDATA[Original: 黒丸PA (上り)<br/>Romaji: Kuromaru<br/>Source: OpenStreetMap-derived japan_pois.py]]></description><Point><coordinates>136.1927124,35.0790613,0</coordinates></Point></Placemark>
<Placemark><name>湖東三山PA (下り) (Kotoh-Sanzan PA (Kudari))</name><description><![CDATA[Original: 湖東三山PA (下り)<br/>Romaji: Kotoh-Sanzan<br/>Source: OpenStreetMap-derived japan_pois.py]]></description><Point><coordinates>136.2753915,35.1650150,0</coordinates></Point></Placemark>
<Placemark><name>伊吹PA (下り) (Ibuki PA (Kudari))</name><description><![CDATA[Original: 伊吹PA (下り)<br/>Romaji: Ibuki<br/>Source: OpenStreetMap-derived japan_pois.py]]></description><Point><coordinates>136.3867483,35.3317781,0</coordinates></Point></Placemark>
<Placemark><name>伊吹PA (上り) (Ibuki PA (Nobori))</name><description><![CDATA[Original: 伊吹PA (上り)<br/>Romaji: Ibuki<br/>Source: OpenStreetMap-derived japan_pois.py]]></description><Point><coordinates>136.3957463,35.3340539,0</coordinates></Point></Placemark>
<Placemark><name>東郷PA (上り) (Togo PA (Nobori))</name><description><![CDATA[Original: 東郷PA (上り)<br/>Romaji: Togo<br/>Source: OpenStreetMap-derived japan_pois.py]]></description><Point><coordinates>137.0843136,35.1312059,0</coordinates></Point></Placemark>
<Placemark><name>東郷PA (下り) (Togo PA (Kudari))</name><description><![CDATA[Original: 東郷PA (下り)<br/>Romaji: Togo<br/>Source: OpenStreetMap-derived japan_pois.py]]></description><Point><coordinates>137.0844160,35.1299949,0</coordinates></Point></Placemark>
<Placemark><name>豊田上郷SA (上り) (Toyota-Kamigo SA (Nobori))</name><description><![CDATA[Original: 豊田上郷SA (上り)<br/>Romaji: Toyota-Kamigo<br/>Source: OpenStreetMap-derived japan_pois.py]]></description><Point><coordinates>137.1356531,35.0327698,0</coordinates></Point></Placemark>
<Placemark><name>豊田上郷SA (下り) (Toyota-Kamigo SA (Kudari))</name><description><![CDATA[Original: 豊田上郷SA (下り)<br/>Romaji: Toyota-Kamigo<br/>Source: OpenStreetMap-derived japan_pois.py]]></description><Point><coordinates>137.1347701,35.0312649,0</coordinates></Point></Placemark>
<Placemark><name>美合PA (上り) (Miai PA (Nobori))</name><description><![CDATA[Original: 美合PA (上り)<br/>Romaji: Miai<br/>Source: OpenStreetMap-derived japan_pois.py]]></description><Point><coordinates>137.2243131,34.9266329,0</coordinates></Point></Placemark>
<Placemark><name>伊予灘SA (上り) (Iyo-nada SA (Nobori))</name><description><![CDATA[Original: 伊予灘SA (上り)<br/>Romaji: Iyo-nada<br/>Source: OpenStreetMap-derived japan_pois.py]]></description><Point><coordinates>132.7530738,33.7705865,0</coordinates></Point></Placemark>
<Placemark><name>伊予灘SA (下り) (Iyo-nada SA (Kudari))</name><description><![CDATA[Original: 伊予灘SA (下り)<br/>Romaji: Iyo-nada<br/>Source: OpenStreetMap-derived japan_pois.py]]></description><Point><coordinates>132.7555861,33.7717209,0</coordinates></Point></Placemark>
<Placemark><name>桜三里PA (下り) (Sakura Sanri PA (Kudari))</name><description><![CDATA[Original: 桜三里PA (下り)<br/>Romaji: Sakura Sanri<br/>Source: OpenStreetMap-derived japan_pois.py]]></description><Point><coordinates>132.9384634,33.8026148,0</coordinates></Point></Placemark>
<Placemark><name>石鎚山ハイウェイオアシス</name><description><![CDATA[Original: 石鎚山ハイウェイオアシス<br/>Romaji: (not confidently available)<br/>Source: OpenStreetMap-derived japan_pois.py]]></description><Point><coordinates>133.1076072,33.8838961,0</coordinates></Point></Placemark>
<Placemark><name>石鎚山SA (上り) (Ishizuchisan SA (Nobori))</name><description><![CDATA[Original: 石鎚山SA (上り)<br/>Romaji: Ishizuchisan<br/>Source: OpenStreetMap-derived japan_pois.py]]></description><Point><coordinates>133.1100538,33.8856394,0</coordinates></Point></Placemark>
<Placemark><name>石鎚山SA (下り) (Ishizuchisan SA (Kudari))</name><description><![CDATA[Original: 石鎚山SA (下り)<br/>Romaji: Ishizuchisan<br/>Source: OpenStreetMap-derived japan_pois.py]]></description><Point><coordinates>133.1080784,33.8862391,0</coordinates></Point></Placemark>
<Placemark><name>豊浜SA (下り) (Toyohama SA (Kudari))</name><description><![CDATA[Original: 豊浜SA (下り)<br/>Romaji: Toyohama<br/>Source: OpenStreetMap-derived japan_pois.py]]></description><Point><coordinates>133.6344002,34.0535283,0</coordinates></Point></Placemark>
<Placemark><name>豊浜SA (上り) (Toyohama SA (Nobori))</name><description><![CDATA[Original: 豊浜SA (上り)<br/>Romaji: Toyohama<br/>Source: OpenStreetMap-derived japan_pois.py]]></description><Point><coordinates>133.6373304,34.0572715,0</coordinates></Point></Placemark>
<Placemark><name>津田の松原SA (下り) (Tsuda-no-Matsubara SA (Kudari))</name><description><![CDATA[Original: 津田の松原SA (下り)<br/>Romaji: Tsuda-no-Matsubara<br/>Source: OpenStreetMap-derived japan_pois.py]]></description><Point><coordinates>134.2644998,34.2756719,0</coordinates></Point></Placemark>
<Placemark><name>津田の松原SA (上り) (Tsuda-no-Matsubara SA (Nobori))</name><description><![CDATA[Original: 津田の松原SA (上り)<br/>Romaji: Tsuda-no-Matsubara<br/>Source: OpenStreetMap-derived japan_pois.py]]></description><Point><coordinates>134.2639022,34.2766055,0</coordinates></Point></Placemark>
<Placemark><name>鳴門西PA (上り) (Naruto-nishi PA (Nobori))</name><description><![CDATA[Original: 鳴門西PA (上り)<br/>Romaji: Naruto-nishi<br/>Source: OpenStreetMap-derived japan_pois.py]]></description><Point><coordinates>134.4917747,34.1622611,0</coordinates></Point></Placemark>
<Placemark><name>鳴門西PA (下り) (Naruto-nishi PA (Kudari))</name><description><![CDATA[Original: 鳴門西PA (下り)<br/>Romaji: Naruto-nishi<br/>Source: OpenStreetMap-derived japan_pois.py]]></description><Point><coordinates>134.4948908,34.1615784,0</coordinates></Point></Placemark>
<Placemark><name>上板SA (上り) (Kamiita SA (Nobori))</name><description><![CDATA[Original: 上板SA (上り)<br/>Romaji: Kamiita<br/>Source: OpenStreetMap-derived japan_pois.py]]></description><Point><coordinates>134.4100089,34.1402852,0</coordinates></Point></Placemark>
<Placemark><name>上板SA (下り) (Kamiita SA (Kudari))</name><description><![CDATA[Original: 上板SA (下り)<br/>Romaji: Kamiita<br/>Source: OpenStreetMap-derived japan_pois.py]]></description><Point><coordinates>134.4178207,34.1398711,0</coordinates></Point></Placemark>
<Placemark><name>池田PA (上り) (Ikeda PA (Nobori))</name><description><![CDATA[Original: 池田PA (上り)<br/>Romaji: Ikeda<br/>Source: OpenStreetMap-derived japan_pois.py]]></description><Point><coordinates>133.7062439,34.0063292,0</coordinates></Point></Placemark>
<Placemark><name>池田PA (下り) (Ikeda PA (Kudari))</name><description><![CDATA[Original: 池田PA (下り)<br/>Romaji: Ikeda<br/>Source: OpenStreetMap-derived japan_pois.py]]></description><Point><coordinates>133.7066879,34.0054269,0</coordinates></Point></Placemark>
<Placemark><name>古賀SA (下り) (Koga SA (Kudari))</name><description><![CDATA[Original: 古賀SA (下り)<br/>Romaji: Koga<br/>Source: OpenStreetMap-derived japan_pois.py]]></description><Point><coordinates>130.5201368,33.7386777,0</coordinates></Point></Placemark>
<Placemark><name>古賀SA (上り) (Koga SA (Nobori))</name><description><![CDATA[Original: 古賀SA (上り)<br/>Romaji: Koga<br/>Source: OpenStreetMap-derived japan_pois.py]]></description><Point><coordinates>130.5171206,33.7380377,0</coordinates></Point></Placemark>
<Placemark><name>北熊本SA (上り) (Kita-Kumamoto SA (Nobori))</name><description><![CDATA[Original: 北熊本SA (上り)<br/>Romaji: Kita-Kumamoto<br/>Source: OpenStreetMap-derived japan_pois.py]]></description><Point><coordinates>130.7182544,32.8945356,0</coordinates></Point></Placemark>
<Placemark><name>北熊本SA (下り) (Kita-Kumamoto SA (Kudari))</name><description><![CDATA[Original: 北熊本SA (下り)<br/>Romaji: Kita-Kumamoto<br/>Source: OpenStreetMap-derived japan_pois.py]]></description><Point><coordinates>130.7194761,32.8947650,0</coordinates></Point></Placemark>
<Placemark><name>宮原SA (上り) (Miyahara SA (Nobori))</name><description><![CDATA[Original: 宮原SA (上り)<br/>Romaji: Miyahara<br/>Source: OpenStreetMap-derived japan_pois.py]]></description><Point><coordinates>130.6809570,32.5440573,0</coordinates></Point></Placemark>
<Placemark><name>宮原SA (下り) (Miyahara SA (Kudari))</name><description><![CDATA[Original: 宮原SA (下り)<br/>Romaji: Miyahara<br/>Source: OpenStreetMap-derived japan_pois.py]]></description><Point><coordinates>130.6816898,32.5426051,0</coordinates></Point></Placemark>
<Placemark><name>山江SA (下り) (Yamae SA (Kudari))</name><description><![CDATA[Original: 山江SA (下り)<br/>Romaji: Yamae<br/>Source: OpenStreetMap-derived japan_pois.py]]></description><Point><coordinates>130.7684281,32.2613531,0</coordinates></Point></Placemark>
<Placemark><name>山江SA (上り) (Yamae SA (Nobori))</name><description><![CDATA[Original: 山江SA (上り)<br/>Romaji: Yamae<br/>Source: OpenStreetMap-derived japan_pois.py]]></description><Point><coordinates>130.7671564,32.2610400,0</coordinates></Point></Placemark>
<Placemark><name>霧島SA (下り) (Kirishima SA (Kudari))</name><description><![CDATA[Original: 霧島SA (下り)<br/>Romaji: Kirishima<br/>Source: OpenStreetMap-derived japan_pois.py]]></description><Point><coordinates>130.9536508,31.9680557,0</coordinates></Point></Placemark>
<Placemark><name>霧島SA (上り) (Kirishima SA (Nobori))</name><description><![CDATA[Original: 霧島SA (上り)<br/>Romaji: Kirishima<br/>Source: OpenStreetMap-derived japan_pois.py]]></description><Point><coordinates>130.9524099,31.9671966,0</coordinates></Point></Placemark>
<Placemark><name>日向高崎PA (下り) (Hyuga-Takasaki PA (Kudari))</name><description><![CDATA[Original: 日向高崎PA (下り)<br/>Romaji: Hyuga-Takasaki<br/>Source: OpenStreetMap-derived japan_pois.py]]></description><Point><coordinates>131.0325870,31.9015696,0</coordinates></Point></Placemark>
<Placemark><name>日向高崎PA (上り) (Hyuga-Takasaki PA (Nobori))</name><description><![CDATA[Original: 日向高崎PA (上り)<br/>Romaji: Hyuga-Takasaki<br/>Source: OpenStreetMap-derived japan_pois.py]]></description><Point><coordinates>131.0316643,31.9013633,0</coordinates></Point></Placemark>
<Placemark><name>山之口SA (下り) (Yamanokuchi SA (Kudari))</name><description><![CDATA[Original: 山之口SA (下り)<br/>Romaji: Yamanokuchi<br/>Source: OpenStreetMap-derived japan_pois.py]]></description><Point><coordinates>131.1636123,31.7954966,0</coordinates></Point></Placemark>
<Placemark><name>山之口SA (上り) (Yamanokuchi SA (Nobori))</name><description><![CDATA[Original: 山之口SA (上り)<br/>Romaji: Yamanokuchi<br/>Source: OpenStreetMap-derived japan_pois.py]]></description><Point><coordinates>131.1635514,31.7945483,0</coordinates></Point></Placemark>
<Placemark><name>清武PA (上り) (Kiyotake PA (Nobori))</name><description><![CDATA[Original: 清武PA (上り)<br/>Romaji: Kiyotake<br/>Source: OpenStreetMap-derived japan_pois.py]]></description><Point><coordinates>131.3956743,31.8670795,0</coordinates></Point></Placemark>
<Placemark><name>清武PA (下り) (Kiyotake PA (Kudari))</name><description><![CDATA[Original: 清武PA (下り)<br/>Romaji: Kiyotake<br/>Source: OpenStreetMap-derived japan_pois.py]]></description><Point><coordinates>131.4015773,31.8679318,0</coordinates></Point></Placemark>
<Placemark><name>宮崎PA (上り) (Miyazaki PA (Nobori))</name><description><![CDATA[Original: 宮崎PA (上り)<br/>Romaji: Miyazaki<br/>Source: OpenStreetMap-derived japan_pois.py]]></description><Point><coordinates>131.3653255,31.9096704,0</coordinates></Point></Placemark>
<Placemark><name>宮崎PA (下り) (Miyazaki PA (Kudari))</name><description><![CDATA[Original: 宮崎PA (下り)<br/>Romaji: Miyazaki<br/>Source: OpenStreetMap-derived japan_pois.py]]></description><Point><coordinates>131.3666650,31.9103519,0</coordinates></Point></Placemark>
<Placemark><name>大分松岡PA (下り) (Oita-Matsuoka PA (Kudari))</name><description><![CDATA[Original: 大分松岡PA (下り)<br/>Romaji: Oita-Matsuoka<br/>Source: OpenStreetMap-derived japan_pois.py]]></description><Point><coordinates>131.6652858,33.1980741,0</coordinates></Point></Placemark>
<Placemark><name>大分松岡PA (上り) (Oita-Matsuoka PA (Nobori))</name><description><![CDATA[Original: 大分松岡PA (上り)<br/>Romaji: Oita-Matsuoka<br/>Source: OpenStreetMap-derived japan_pois.py]]></description><Point><coordinates>131.6653368,33.1973152,0</coordinates></Point></Placemark>
<Placemark><name>大刀洗PA (下り) (Tachiarai PA (Kudari))</name><description><![CDATA[Original: 大刀洗PA (下り)<br/>Romaji: Tachiarai<br/>Source: OpenStreetMap-derived japan_pois.py]]></description><Point><coordinates>130.6145969,33.3949833,0</coordinates></Point></Placemark>
<Placemark><name>井上PA (上り) (Inoue PA (Nobori))</name><description><![CDATA[Original: 井上PA (上り)<br/>Romaji: Inoue<br/>Source: OpenStreetMap-derived japan_pois.py]]></description><Point><coordinates>130.5738946,33.4006790,0</coordinates></Point></Placemark>
<Placemark><name>金立SA (上り) (Kinryu SA (Nobori))</name><description><![CDATA[Original: 金立SA (上り)<br/>Romaji: Kinryu<br/>Source: OpenStreetMap-derived japan_pois.py]]></description><Point><coordinates>130.3113174,33.3298512,0</coordinates></Point></Placemark>
<Placemark><name>小城PA (下り) (Ogi PA (Kudari))</name><description><![CDATA[Original: 小城PA (下り)<br/>Romaji: Ogi<br/>Source: OpenStreetMap-derived japan_pois.py]]></description><Point><coordinates>130.2095441,33.3107740,0</coordinates></Point></Placemark>
<Placemark><name>小城PA (上り) (Ogi PA (Nobori))</name><description><![CDATA[Original: 小城PA (上り)<br/>Romaji: Ogi<br/>Source: OpenStreetMap-derived japan_pois.py]]></description><Point><coordinates>130.2094648,33.3115557,0</coordinates></Point></Placemark>
<Placemark><name>多久西PA (上り) (Taku-nishi PA (Nobori))</name><description><![CDATA[Original: 多久西PA (上り)<br/>Romaji: Taku-nishi<br/>Source: OpenStreetMap-derived japan_pois.py]]></description><Point><coordinates>130.0826688,33.2619758,0</coordinates></Point></Placemark>
<Placemark><name>多久西PA (下り) (Taku-nishi PA (Kudari))</name><description><![CDATA[Original: 多久西PA (下り)<br/>Romaji: Taku-nishi<br/>Source: OpenStreetMap-derived japan_pois.py]]></description><Point><coordinates>130.0784131,33.2525289,0</coordinates></Point></Placemark>
<Placemark><name>大村湾PA (下り) (Omurawan PA (Kudari))</name><description><![CDATA[Original: 大村湾PA (下り)<br/>Romaji: Omurawan<br/>Source: OpenStreetMap-derived japan_pois.py]]></description><Point><coordinates>129.9482397,33.0177782,0</coordinates></Point></Placemark>
<Placemark><name>大村湾PA (上り) (Omurawan PA (Nobori))</name><description><![CDATA[Original: 大村湾PA (上り)<br/>Romaji: Omurawan<br/>Source: OpenStreetMap-derived japan_pois.py]]></description><Point><coordinates>129.9473583,33.0169712,0</coordinates></Point></Placemark>
<Placemark><name>今村PA (上り) (Imamura PA (Nobori))</name><description><![CDATA[Original: 今村PA (上り)<br/>Romaji: Imamura<br/>Source: OpenStreetMap-derived japan_pois.py]]></description><Point><coordinates>130.0014213,32.8610972,0</coordinates></Point></Placemark>
<Placemark><name>高畑PA (上り) (Takahata PA (Nobori))</name><description><![CDATA[Original: 高畑PA (上り)<br/>Romaji: Takahata<br/>Source: OpenStreetMap-derived japan_pois.py]]></description><Point><coordinates>129.7659435,33.0716269,0</coordinates></Point></Placemark>
<Placemark><name>高畑PA (下り) (Takahata PA (Kudari))</name><description><![CDATA[Original: 高畑PA (下り)<br/>Romaji: Takahata<br/>Source: OpenStreetMap-derived japan_pois.py]]></description><Point><coordinates>129.7669038,33.0719259,0</coordinates></Point></Placemark>
<Placemark><name>美山PA (上り) (Miyama PA (Nobori))</name><description><![CDATA[Original: 美山PA (上り)<br/>Romaji: Miyama<br/>Source: OpenStreetMap-derived japan_pois.py]]></description><Point><coordinates>130.3561874,31.6390749,0</coordinates></Point></Placemark>
<Placemark><name>美山PA (下り) (Miyama PA (Kudari))</name><description><![CDATA[Original: 美山PA (下り)<br/>Romaji: Miyama<br/>Source: OpenStreetMap-derived japan_pois.py]]></description><Point><coordinates>130.3569509,31.6397624,0</coordinates></Point></Placemark>
<Placemark><name>米山SA (上り) (Yoneyama SA (Nobori))</name><description><![CDATA[Original: 米山SA (上り)<br/>Romaji: Yoneyama<br/>Source: OpenStreetMap-derived japan_pois.py]]></description><Point><coordinates>138.4986184,37.3467950,0</coordinates></Point></Placemark>
<Placemark><name>甘楽PA (下り) (Kanra PA (Kudari))</name><description><![CDATA[Original: 甘楽PA (下り)<br/>Romaji: Kanra<br/>Source: OpenStreetMap-derived japan_pois.py]]></description><Point><coordinates>138.9457082,36.2411176,0</coordinates></Point></Placemark>
<Placemark><name>古関PA (上り) (Koseki PA (Nobori))</name><description><![CDATA[Original: 古関PA (上り)<br/>Romaji: Koseki<br/>Source: OpenStreetMap-derived japan_pois.py]]></description><Point><coordinates>140.5527696,38.2110053,0</coordinates></Point></Placemark>
<Placemark><name>古関PA (下り) (Koseki PA (Kudari))</name><description><![CDATA[Original: 古関PA (下り)<br/>Romaji: Koseki<br/>Source: OpenStreetMap-derived japan_pois.py]]></description><Point><coordinates>140.5509055,38.2104895,0</coordinates></Point></Placemark>
<Placemark><name>山形蔵王PA (下り) (Yamagata-Zao PA (Kudari))</name><description><![CDATA[Original: 山形蔵王PA (下り)<br/>Romaji: Yamagata-Zao<br/>Source: OpenStreetMap-derived japan_pois.py]]></description><Point><coordinates>140.3822420,38.2447832,0</coordinates></Point></Placemark>
<Placemark><name>山形蔵王PA (上り) (Yamagata-Zao PA (Nobori))</name><description><![CDATA[Original: 山形蔵王PA (上り)<br/>Romaji: Yamagata-Zao<br/>Source: OpenStreetMap-derived japan_pois.py]]></description><Point><coordinates>140.3830256,38.2455595,0</coordinates></Point></Placemark>
<Placemark><name>月山湖PA (下り) (Gassan-ko PA (Kudari))</name><description><![CDATA[Original: 月山湖PA (下り)<br/>Romaji: Gassan-ko<br/>Source: OpenStreetMap-derived japan_pois.py]]></description><Point><coordinates>140.0105954,38.4446440,0</coordinates></Point></Placemark>
<Placemark><name>月山湖PA (上り) (Gassan-ko PA (Nobori))</name><description><![CDATA[Original: 月山湖PA (上り)<br/>Romaji: Gassan-ko<br/>Source: OpenStreetMap-derived japan_pois.py]]></description><Point><coordinates>140.0081586,38.4462099,0</coordinates></Point></Placemark>
<Placemark><name>蓮台寺PA (上り) (Rendaiji PA (Nobori))</name><description><![CDATA[Original: 蓮台寺PA (上り)<br/>Romaji: Rendaiji<br/>Source: OpenStreetMap-derived japan_pois.py]]></description><Point><coordinates>137.8693067,37.0323134,0</coordinates></Point></Placemark>
<Placemark><name>蓮台寺PA (下り) (Rendaiji PA (Kudari))</name><description><![CDATA[Original: 蓮台寺PA (下り)<br/>Romaji: Rendaiji<br/>Source: OpenStreetMap-derived japan_pois.py]]></description><Point><coordinates>137.8690664,37.0334366,0</coordinates></Point></Placemark>
<Placemark><name>越中境PA (下り) (Etchusakai PA (Kudari))</name><description><![CDATA[Original: 越中境PA (下り)<br/>Romaji: Etchusakai<br/>Source: OpenStreetMap-derived japan_pois.py]]></description><Point><coordinates>137.6068812,36.9730432,0</coordinates></Point></Placemark>
<Placemark><name>越中境PA (上り) (Etchusakai PA (Nobori))</name><description><![CDATA[Original: 越中境PA (上り)<br/>Romaji: Etchusakai<br/>Source: OpenStreetMap-derived japan_pois.py]]></description><Point><coordinates>137.6076303,36.9721924,0</coordinates></Point></Placemark>
<Placemark><name>入善PA (上り) (Nyuzent PA (Nobori))</name><description><![CDATA[Original: 入善PA (上り)<br/>Romaji: Nyuzent<br/>Source: OpenStreetMap-derived japan_pois.py]]></description><Point><coordinates>137.5141532,36.9163466,0</coordinates></Point></Placemark>
<Placemark><name>入善PA (下り) (Nyuzent PA (Kudari))</name><description><![CDATA[Original: 入善PA (下り)<br/>Romaji: Nyuzent<br/>Source: OpenStreetMap-derived japan_pois.py]]></description><Point><coordinates>137.5133793,36.9169438,0</coordinates></Point></Placemark>
<Placemark><name>流杉PA (上り) (Nagare-sugi PA (Nobori))</name><description><![CDATA[Original: 流杉PA (上り)<br/>Romaji: Nagare-sugi<br/>Source: OpenStreetMap-derived japan_pois.py]]></description><Point><coordinates>137.2688374,36.6640267,0</coordinates></Point></Placemark>
<Placemark><name>流杉PA (下り) (Nagare-sugi PA (Kudari))</name><description><![CDATA[Original: 流杉PA (下り)<br/>Romaji: Nagare-sugi<br/>Source: OpenStreetMap-derived japan_pois.py]]></description><Point><coordinates>137.2684641,36.6646168,0</coordinates></Point></Placemark>
<Placemark><name>呉羽PA (上り) (Kureha PA (Nobori))</name><description><![CDATA[Original: 呉羽PA (上り)<br/>Romaji: Kureha<br/>Source: OpenStreetMap-derived japan_pois.py]]></description><Point><coordinates>137.1084802,36.6819759,0</coordinates></Point></Placemark>
<Placemark><name>呉羽PA (下り) (Kureha PA (Kudari))</name><description><![CDATA[Original: 呉羽PA (下り)<br/>Romaji: Kureha<br/>Source: OpenStreetMap-derived japan_pois.py]]></description><Point><coordinates>137.1089246,36.6831060,0</coordinates></Point></Placemark>
<Placemark><name>高岡PA (下り) (Takaoka PA (Kudari))</name><description><![CDATA[Original: 高岡PA (下り)<br/>Romaji: Takaoka<br/>Source: OpenStreetMap-derived japan_pois.py]]></description><Point><coordinates>137.0310461,36.6707771,0</coordinates></Point></Placemark>
<Placemark><name>高岡PA (上り) (Takaoka PA (Nobori))</name><description><![CDATA[Original: 高岡PA (上り)<br/>Romaji: Takaoka<br/>Source: OpenStreetMap-derived japan_pois.py]]></description><Point><coordinates>137.0307342,36.6692490,0</coordinates></Point></Placemark>
<Placemark><name>小矢部川SA (下り) (Oyabegawa SA (Kudari))</name><description><![CDATA[Original: 小矢部川SA (下り)<br/>Romaji: Oyabegawa<br/>Source: OpenStreetMap-derived japan_pois.py]]></description><Point><coordinates>136.8737261,36.6273831,0</coordinates></Point></Placemark>
<Placemark><name>小矢部川SA (上り) (Oyabegawa SA (Nobori))</name><description><![CDATA[Original: 小矢部川SA (上り)<br/>Romaji: Oyabegawa<br/>Source: OpenStreetMap-derived japan_pois.py]]></description><Point><coordinates>136.8721448,36.6258654,0</coordinates></Point></Placemark>
<Placemark><name>福岡PA (上り) (Fukuoka PA (Nobori))</name><description><![CDATA[Original: 福岡PA (上り)<br/>Romaji: Fukuoka<br/>Source: OpenStreetMap-derived japan_pois.py]]></description><Point><coordinates>136.9496800,36.7072095,0</coordinates></Point></Placemark>
<Placemark><name>福岡PA (下り) (Fukuoka PA (Kudari))</name><description><![CDATA[Original: 福岡PA (下り)<br/>Romaji: Fukuoka<br/>Source: OpenStreetMap-derived japan_pois.py]]></description><Point><coordinates>136.9490254,36.7079953,0</coordinates></Point></Placemark>
<Placemark><name>不動寺PA (下り) (Fudoji PA (Kudari))</name><description><![CDATA[Original: 不動寺PA (下り)<br/>Romaji: Fudoji<br/>Source: OpenStreetMap-derived japan_pois.py]]></description><Point><coordinates>136.7220382,36.6046743,0</coordinates></Point></Placemark>
<Placemark><name>不動寺PA (上り) (Fudoji PA (Nobori))</name><description><![CDATA[Original: 不動寺PA (上り)<br/>Romaji: Fudoji<br/>Source: OpenStreetMap-derived japan_pois.py]]></description><Point><coordinates>136.7190252,36.6053044,0</coordinates></Point></Placemark>
<Placemark><name>徳光PA (上り) (Tokumitsu PA (Nobori))</name><description><![CDATA[Original: 徳光PA (上り)<br/>Romaji: Tokumitsu<br/>Source: OpenStreetMap-derived japan_pois.py]]></description><Point><coordinates>136.5279560,36.5340067,0</coordinates></Point></Placemark>
<Placemark><name>徳光PA (下り) (Tokumitsu PA (Kudari))</name><description><![CDATA[Original: 徳光PA (下り)<br/>Romaji: Tokumitsu<br/>Source: OpenStreetMap-derived japan_pois.py]]></description><Point><coordinates>136.5270548,36.5347053,0</coordinates></Point></Placemark>
<Placemark><name>安宅PA (上り) (Ataka PA (Nobori))</name><description><![CDATA[Original: 安宅PA (上り)<br/>Romaji: Ataka<br/>Source: OpenStreetMap-derived japan_pois.py]]></description><Point><coordinates>136.3930638,36.3956271,0</coordinates></Point></Placemark>
<Placemark><name>安宅PA (下り) (Ataka PA (Kudari))</name><description><![CDATA[Original: 安宅PA (下り)<br/>Romaji: Ataka<br/>Source: OpenStreetMap-derived japan_pois.py]]></description><Point><coordinates>136.3919576,36.3960416,0</coordinates></Point></Placemark>
<Placemark><name>尼御前SA (下り) (Amagozen SA (Kudari))</name><description><![CDATA[Original: 尼御前SA (下り)<br/>Romaji: Amagozen<br/>Source: OpenStreetMap-derived japan_pois.py]]></description><Point><coordinates>136.3235547,36.3542925,0</coordinates></Point></Placemark>
<Placemark><name>尼御前SA (上り) (Amagozen SA (Nobori))</name><description><![CDATA[Original: 尼御前SA (上り)<br/>Romaji: Amagozen<br/>Source: OpenStreetMap-derived japan_pois.py]]></description><Point><coordinates>136.3227917,36.3511839,0</coordinates></Point></Placemark>
<Placemark><name>女形谷PA (下り) (Onagatani PA (Kudari))</name><description><![CDATA[Original: 女形谷PA (下り)<br/>Romaji: Onagatani<br/>Source: OpenStreetMap-derived japan_pois.py]]></description><Point><coordinates>136.2935631,36.1700780,0</coordinates></Point></Placemark>
<Placemark><name>女形谷PA (上り) (Onagatani PA (Nobori))</name><description><![CDATA[Original: 女形谷PA (上り)<br/>Romaji: Onagatani<br/>Source: OpenStreetMap-derived japan_pois.py]]></description><Point><coordinates>136.2943235,36.1698792,0</coordinates></Point></Placemark>
<Placemark><name>北鯖江PA (下り) (Kita-Sabae PA (Kudari))</name><description><![CDATA[Original: 北鯖江PA (下り)<br/>Romaji: Kita-Sabae<br/>Source: OpenStreetMap-derived japan_pois.py]]></description><Point><coordinates>136.2027555,35.9732659,0</coordinates></Point></Placemark>
<Placemark><name>北鯖江PA (上り) (Kita-Sabae PA (Nobori))</name><description><![CDATA[Original: 北鯖江PA (上り)<br/>Romaji: Kita-Sabae<br/>Source: OpenStreetMap-derived japan_pois.py]]></description><Point><coordinates>136.2038955,35.9728540,0</coordinates></Point></Placemark>
<Placemark><name>南条SA (上り) (Nanjo SA (Nobori))</name><description><![CDATA[Original: 南条SA (上り)<br/>Romaji: Nanjo<br/>Source: OpenStreetMap-derived japan_pois.py]]></description><Point><coordinates>136.2015711,35.8306583,0</coordinates></Point></Placemark>
<Placemark><name>南条SA (下り) (Nanjo SA (Kudari))</name><description><![CDATA[Original: 南条SA (下り)<br/>Romaji: Nanjo<br/>Source: OpenStreetMap-derived japan_pois.py]]></description><Point><coordinates>136.2019927,35.8262219,0</coordinates></Point></Placemark>
<Placemark><name>杉津PA (上り) (Sugitsu PA (Nobori))</name><description><![CDATA[Original: 杉津PA (上り)<br/>Romaji: Sugitsu<br/>Source: OpenStreetMap-derived japan_pois.py]]></description><Point><coordinates>136.1121458,35.7324139,0</coordinates></Point></Placemark>
<Placemark><name>杉津PA(下り) (Sugitsu PA (Kudari))</name><description><![CDATA[Original: 杉津PA(下り)<br/>Romaji: Sugitsu<br/>Source: OpenStreetMap-derived japan_pois.py]]></description><Point><coordinates>136.1146807,35.7324706,0</coordinates></Point></Placemark>
<Placemark><name>刀根PA (下り) (Tone PA (Kudari))</name><description><![CDATA[Original: 刀根PA (下り)<br/>Romaji: Tone<br/>Source: OpenStreetMap-derived japan_pois.py]]></description><Point><coordinates>136.1491267,35.6030531,0</coordinates></Point></Placemark>
<Placemark><name>刀根PA (上り) (Tone PA (Nobori))</name><description><![CDATA[Original: 刀根PA (上り)<br/>Romaji: Tone<br/>Source: OpenStreetMap-derived japan_pois.py]]></description><Point><coordinates>136.1515703,35.6034401,0</coordinates></Point></Placemark>
<Placemark><name>賤ヶ岳SA (下り) (Shizugatake SA (Kudari))</name><description><![CDATA[Original: 賤ヶ岳SA (下り)<br/>Romaji: Shizugatake<br/>Source: OpenStreetMap-derived japan_pois.py]]></description><Point><coordinates>136.2166103,35.5205426,0</coordinates></Point></Placemark>
<Placemark><name>賤ヶ岳SA (上り) (Shizugatake SA (Nobori))</name><description><![CDATA[Original: 賤ヶ岳SA (上り)<br/>Romaji: Shizugatake<br/>Source: OpenStreetMap-derived japan_pois.py]]></description><Point><coordinates>136.2181565,35.5200127,0</coordinates></Point></Placemark>
<Placemark><name>神田PA (下り) (Kanda PA (Kudari))</name><description><![CDATA[Original: 神田PA (下り)<br/>Romaji: Kanda<br/>Source: OpenStreetMap-derived japan_pois.py]]></description><Point><coordinates>136.3064431,35.3561179,0</coordinates></Point></Placemark>
<Placemark><name>神田PA (上り) (Kanda PA (Nobori))</name><description><![CDATA[Original: 神田PA (上り)<br/>Romaji: Kanda<br/>Source: OpenStreetMap-derived japan_pois.py]]></description><Point><coordinates>136.3078399,35.3559393,0</coordinates></Point></Placemark>
<Placemark><name>土山SA (Tsuchiyama SA)</name><description><![CDATA[Original: 土山SA<br/>Romaji: Tsuchiyama<br/>Source: OpenStreetMap-derived japan_pois.py]]></description><Point><coordinates>136.2938876,34.9145221,0</coordinates></Point></Placemark>
<Placemark><name>日光口PA (上り) (Nikko-guchi PA (Nobori))</name><description><![CDATA[Original: 日光口PA (上り)<br/>Romaji: Nikko-guchi<br/>Source: OpenStreetMap-derived japan_pois.py]]></description><Point><coordinates>139.6519825,36.7299956,0</coordinates></Point></Placemark>
<Placemark><name>日光口PA (下り) (Nikko-guchi PA (Kudari))</name><description><![CDATA[Original: 日光口PA (下り)<br/>Romaji: Nikko-guchi<br/>Source: OpenStreetMap-derived japan_pois.py]]></description><Point><coordinates>139.6510607,36.7297323,0</coordinates></Point></Placemark>
<Placemark><name>城端SA (Johana SA)</name><description><![CDATA[Original: 城端SA<br/>Romaji: Johana<br/>Source: OpenStreetMap-derived japan_pois.py]]></description><Point><coordinates>136.8724857,36.5029959,0</coordinates></Point></Placemark>
<Placemark><name>飛驒白川PA (下り) (Hida-Shirakawa PA (Kudari))</name><description><![CDATA[Original: 飛驒白川PA (下り)<br/>Romaji: Hida-Shirakawa<br/>Source: OpenStreetMap-derived japan_pois.py]]></description><Point><coordinates>136.8941005,36.2749637,0</coordinates></Point></Placemark>
<Placemark><name>飛驒白川PA (上り) (Hida-Shirakawa PA (Nobori))</name><description><![CDATA[Original: 飛驒白川PA (上り)<br/>Romaji: Hida-Shirakawa<br/>Source: OpenStreetMap-derived japan_pois.py]]></description><Point><coordinates>136.8947154,36.2736304,0</coordinates></Point></Placemark>
<Placemark><name>飛驒河合PA (上り) (Hida-Kawai PA (Nobori))</name><description><![CDATA[Original: 飛驒河合PA (上り)<br/>Romaji: Hida-Kawai<br/>Source: OpenStreetMap-derived japan_pois.py]]></description><Point><coordinates>137.0034581,36.2270861,0</coordinates></Point></Placemark>
<Placemark><name>松ノ木峠PA (下り) (Matsunoki-toge PA (Kudari))</name><description><![CDATA[Original: 松ノ木峠PA (下り)<br/>Romaji: Matsunoki-toge<br/>Source: OpenStreetMap-derived japan_pois.py]]></description><Point><coordinates>137.0533902,36.0714635,0</coordinates></Point></Placemark>
<Placemark><name>松ノ木峠PA (上り) (Matsunoki-toge PA (Nobori))</name><description><![CDATA[Original: 松ノ木峠PA (上り)<br/>Romaji: Matsunoki-toge<br/>Source: OpenStreetMap-derived japan_pois.py]]></description><Point><coordinates>137.0521597,36.0682959,0</coordinates></Point></Placemark>
<Placemark><name>ひるがの高原SA (上り) (Hirugano Kogen SA (Nobori))</name><description><![CDATA[Original: ひるがの高原SA (上り)<br/>Romaji: Hirugano Kogen<br/>Source: OpenStreetMap-derived japan_pois.py]]></description><Point><coordinates>136.9109242,35.9873953,0</coordinates></Point></Placemark>
<Placemark><name>ひるがの高原SA (下り) (Hirugano Kogen SA (Kudari))</name><description><![CDATA[Original: ひるがの高原SA (下り)<br/>Romaji: Hirugano Kogen<br/>Source: OpenStreetMap-derived japan_pois.py]]></description><Point><coordinates>136.9089838,35.9876321,0</coordinates></Point></Placemark>
<Placemark><name>ぎふ大和PA (上り) (Gifu-Yamato PA (Nobori))</name><description><![CDATA[Original: ぎふ大和PA (上り)<br/>Romaji: Gifu-Yamato<br/>Source: OpenStreetMap-derived japan_pois.py]]></description><Point><coordinates>136.9061975,35.7907499,0</coordinates></Point></Placemark>
<Placemark><name>ぎふ大和PA (下り) (Gifu-Yamato PA (Kudari))</name><description><![CDATA[Original: ぎふ大和PA (下り)<br/>Romaji: Gifu-Yamato<br/>Source: OpenStreetMap-derived japan_pois.py]]></description><Point><coordinates>136.9058988,35.7896305,0</coordinates></Point></Placemark>
<Placemark><name>瓢ヶ岳PA (下り) (Fukube-ga-take PA (Kudari))</name><description><![CDATA[Original: 瓢ヶ岳PA (下り)<br/>Romaji: Fukube-ga-take<br/>Source: OpenStreetMap-derived japan_pois.py]]></description><Point><coordinates>136.9535311,35.6720401,0</coordinates></Point></Placemark>
<Placemark><name>古城山PA (上り) (Furushiroyama PA (Nobori))</name><description><![CDATA[Original: 古城山PA (上り)<br/>Romaji: Furushiroyama<br/>Source: OpenStreetMap-derived japan_pois.py]]></description><Point><coordinates>136.9344465,35.5700859,0</coordinates></Point></Placemark>
<Placemark><name>長良川SA (下り) ((Kudari))</name><description><![CDATA[Original: 長良川SA (下り)<br/>Romaji: (not confidently available)<br/>Source: OpenStreetMap-derived japan_pois.py]]></description><Point><coordinates>136.8975744,35.5094089,0</coordinates></Point></Placemark>
<Placemark><name>関SA (上り) (Seki SA (Nobori))</name><description><![CDATA[Original: 関SA (上り)<br/>Romaji: Seki<br/>Source: OpenStreetMap-derived japan_pois.py]]></description><Point><coordinates>136.8955491,35.4897761,0</coordinates></Point></Placemark>
<Placemark><name>屏風山PA (上り) (Byobuyama PA (Nobori))</name><description><![CDATA[Original: 屏風山PA (上り)<br/>Romaji: Byobuyama<br/>Source: OpenStreetMap-derived japan_pois.py]]></description><Point><coordinates>137.2756831,35.3969127,0</coordinates></Point></Placemark>
<Placemark><name>屏風山PA (下り) (Byobuyama PA (Kudari))</name><description><![CDATA[Original: 屏風山PA (下り)<br/>Romaji: Byobuyama<br/>Source: OpenStreetMap-derived japan_pois.py]]></description><Point><coordinates>137.2856599,35.4023248,0</coordinates></Point></Placemark>
<Placemark><name>恵那峡SA (上り) (Enakyo SA (Nobori))</name><description><![CDATA[Original: 恵那峡SA (上り)<br/>Romaji: Enakyo<br/>Source: OpenStreetMap-derived japan_pois.py]]></description><Point><coordinates>137.4277493,35.4552133,0</coordinates></Point></Placemark>
<Placemark><name>恵那峡SA (下り) (Enakyo SA (Kudari))</name><description><![CDATA[Original: 恵那峡SA (下り)<br/>Romaji: Enakyo<br/>Source: OpenStreetMap-derived japan_pois.py]]></description><Point><coordinates>137.4372766,35.4543670,0</coordinates></Point></Placemark>
<Placemark><name>神坂PA (下り) (Misaka PA (Kudari))</name><description><![CDATA[Original: 神坂PA (下り)<br/>Romaji: Misaka<br/>Source: OpenStreetMap-derived japan_pois.py]]></description><Point><coordinates>137.5696230,35.5179798,0</coordinates></Point></Placemark>
<Placemark><name>神坂PA (上り) (Misaka PA (Nobori))</name><description><![CDATA[Original: 神坂PA (上り)<br/>Romaji: Misaka<br/>Source: OpenStreetMap-derived japan_pois.py]]></description><Point><coordinates>137.5714628,35.5187262,0</coordinates></Point></Placemark>
<Placemark><name>阿智PA (下り) (Achi PA (Kudari))</name><description><![CDATA[Original: 阿智PA (下り)<br/>Romaji: Achi<br/>Source: OpenStreetMap-derived japan_pois.py]]></description><Point><coordinates>137.7459621,35.4491073,0</coordinates></Point></Placemark>
<Placemark><name>阿智PA (上り) (Achi PA (Nobori))</name><description><![CDATA[Original: 阿智PA (上り)<br/>Romaji: Achi<br/>Source: OpenStreetMap-derived japan_pois.py]]></description><Point><coordinates>137.7452982,35.4494771,0</coordinates></Point></Placemark>
<Placemark><name>座光寺PA (上り) (Zakoji PA (Nobori))</name><description><![CDATA[Original: 座光寺PA (上り)<br/>Romaji: Zakoji<br/>Source: OpenStreetMap-derived japan_pois.py]]></description><Point><coordinates>137.8423995,35.5441980,0</coordinates></Point></Placemark>
<Placemark><name>座光寺PA (下り) (Zakoji PA (Kudari))</name><description><![CDATA[Original: 座光寺PA (下り)<br/>Romaji: Zakoji<br/>Source: OpenStreetMap-derived japan_pois.py]]></description><Point><coordinates>137.8425469,35.5435593,0</coordinates></Point></Placemark>
<Placemark><name>由良川PA (Yuragawa PA)</name><description><![CDATA[Original: 由良川PA<br/>Romaji: Yuragawa<br/>Source: OpenStreetMap-derived japan_pois.py]]></description><Point><coordinates>135.2112613,35.4285919,0</coordinates></Point></Placemark>
<Placemark><name>綾部PA (上り) (Ayabe PA (Nobori))</name><description><![CDATA[Original: 綾部PA (上り)<br/>Romaji: Ayabe<br/>Source: OpenStreetMap-derived japan_pois.py]]></description><Point><coordinates>135.3091540,35.3648912,0</coordinates></Point></Placemark>
<Placemark><name>綾部PA (下り) (Ayabe PA (Kudari))</name><description><![CDATA[Original: 綾部PA (下り)<br/>Romaji: Ayabe<br/>Source: OpenStreetMap-derived japan_pois.py]]></description><Point><coordinates>135.3081912,35.3651425,0</coordinates></Point></Placemark>
<Placemark><name>舞鶴PA (上り) (Maizuru PA (Nobori))</name><description><![CDATA[Original: 舞鶴PA (上り)<br/>Romaji: Maizuru<br/>Source: OpenStreetMap-derived japan_pois.py]]></description><Point><coordinates>135.4508357,35.4562769,0</coordinates></Point></Placemark>
<Placemark><name>舞鶴PA (下り) (Maizuru PA (Kudari))</name><description><![CDATA[Original: 舞鶴PA (下り)<br/>Romaji: Maizuru<br/>Source: OpenStreetMap-derived japan_pois.py]]></description><Point><coordinates>135.4502653,35.4569800,0</coordinates></Point></Placemark>
<Placemark><name>加斗PA (下り) (Kato PA (Kudari))</name><description><![CDATA[Original: 加斗PA (下り)<br/>Romaji: Kato<br/>Source: OpenStreetMap-derived japan_pois.py]]></description><Point><coordinates>135.6728305,35.4801257,0</coordinates></Point></Placemark>
<Placemark><name>加斗PA(上り) (Kato PA (Nobori))</name><description><![CDATA[Original: 加斗PA(上り)<br/>Romaji: Kato<br/>Source: OpenStreetMap-derived japan_pois.py]]></description><Point><coordinates>135.6740133,35.4792565,0</coordinates></Point></Placemark>
<Placemark><name>南丹PA (下り) (Nantan PA (Kudari))</name><description><![CDATA[Original: 南丹PA (下り)<br/>Romaji: Nantan<br/>Source: OpenStreetMap-derived japan_pois.py]]></description><Point><coordinates>135.5120259,35.0793091,0</coordinates></Point></Placemark>
<Placemark><name>南丹PA (上り) (Nantan PA (Nobori))</name><description><![CDATA[Original: 南丹PA (上り)<br/>Romaji: Nantan<br/>Source: OpenStreetMap-derived japan_pois.py]]></description><Point><coordinates>135.5137951,35.0804018,0</coordinates></Point></Placemark>
<Placemark><name>六人部PA (下り) (Muto PA (Kudari))</name><description><![CDATA[Original: 六人部PA (下り)<br/>Romaji: Muto<br/>Source: OpenStreetMap-derived japan_pois.py]]></description><Point><coordinates>135.1825905,35.2583609,0</coordinates></Point></Placemark>
<Placemark><name>六人部PA (上り) (Muto PA (Nobori))</name><description><![CDATA[Original: 六人部PA (上り)<br/>Romaji: Muto<br/>Source: OpenStreetMap-derived japan_pois.py]]></description><Point><coordinates>135.1832629,35.2553365,0</coordinates></Point></Placemark>
<Placemark><name>西紀SA (下り) (Saiki SA (Kudari))</name><description><![CDATA[Original: 西紀SA (下り)<br/>Romaji: Saiki<br/>Source: OpenStreetMap-derived japan_pois.py]]></description><Point><coordinates>135.1666631,35.0904244,0</coordinates></Point></Placemark>
<Placemark><name>西紀SA (上り) (Saiki SA (Nobori))</name><description><![CDATA[Original: 西紀SA (上り)<br/>Romaji: Saiki<br/>Source: OpenStreetMap-derived japan_pois.py]]></description><Point><coordinates>135.1682790,35.0921068,0</coordinates></Point></Placemark>
<Placemark><name>上荒川PA (下り) (Kamiarakawa PA (Kudari))</name><description><![CDATA[Original: 上荒川PA (下り)<br/>Romaji: Kamiarakawa<br/>Source: OpenStreetMap-derived japan_pois.py]]></description><Point><coordinates>135.1554467,34.9064549,0</coordinates></Point></Placemark>
<Placemark><name>上荒川PA (上り) (Kamiarakawa PA (Nobori))</name><description><![CDATA[Original: 上荒川PA (上り)<br/>Romaji: Kamiarakawa<br/>Source: OpenStreetMap-derived japan_pois.py]]></description><Point><coordinates>135.1564488,34.9062799,0</coordinates></Point></Placemark>
<Placemark><name>淡河PA (下り) (Ogo PA (Kudari))</name><description><![CDATA[Original: 淡河PA (下り)<br/>Romaji: Ogo<br/>Source: OpenStreetMap-derived japan_pois.py]]></description><Point><coordinates>135.1548661,34.8301662,0</coordinates></Point></Placemark>
<Placemark><name>淡河PA (上り) (Ogo PA (Nobori))</name><description><![CDATA[Original: 淡河PA (上り)<br/>Romaji: Ogo<br/>Source: OpenStreetMap-derived japan_pois.py]]></description><Point><coordinates>135.1541845,34.8314723,0</coordinates></Point></Placemark>
<Placemark><name>三木SA (下り) (Miki SA (Kudari))</name><description><![CDATA[Original: 三木SA (下り)<br/>Romaji: Miki<br/>Source: OpenStreetMap-derived japan_pois.py]]></description><Point><coordinates>134.9807676,34.8157191,0</coordinates></Point></Placemark>
<Placemark><name>三木SA (上り) (Miki SA (Nobori))</name><description><![CDATA[Original: 三木SA (上り)<br/>Romaji: Miki<br/>Source: OpenStreetMap-derived japan_pois.py]]></description><Point><coordinates>134.9796286,34.8174074,0</coordinates></Point></Placemark>
<Placemark><name>秩父別PA (Chippubetsu PA)</name><description><![CDATA[Original: 秩父別PA<br/>Romaji: Chippubetsu<br/>Source: OpenStreetMap-derived japan_pois.py]]></description><Point><coordinates>141.9746909,43.7758496,0</coordinates></Point></Placemark>
<Placemark><name>野呂PA (下り) (Noro PA (Kudari))</name><description><![CDATA[Original: 野呂PA (下り)<br/>Romaji: Noro<br/>Source: OpenStreetMap-derived japan_pois.py]]></description><Point><coordinates>140.2345098,35.5701249,0</coordinates></Point></Placemark>
<Placemark><name>野呂PA (上り) (Noro PA (Nobori))</name><description><![CDATA[Original: 野呂PA (上り)<br/>Romaji: Noro<br/>Source: OpenStreetMap-derived japan_pois.py]]></description><Point><coordinates>140.2348024,35.5693127,0</coordinates></Point></Placemark>
<Placemark><name>市原SA (上り) (Ichihara SA (Nobori))</name><description><![CDATA[Original: 市原SA (上り)<br/>Romaji: Ichihara<br/>Source: OpenStreetMap-derived japan_pois.py]]></description><Point><coordinates>140.0847053,35.4605769,0</coordinates></Point></Placemark>
<Placemark><name>高滝湖PA (Takidaki-ko PA)</name><description><![CDATA[Original: 高滝湖PA<br/>Romaji: Takidaki-ko<br/>Source: OpenStreetMap-derived japan_pois.py]]></description><Point><coordinates>140.1626203,35.3587441,0</coordinates></Point></Placemark>
<Placemark><name>紀ノ川SA (上り) (Kinokawa SA (Nobori))</name><description><![CDATA[Original: 紀ノ川SA (上り)<br/>Romaji: Kinokawa<br/>Source: OpenStreetMap-derived japan_pois.py]]></description><Point><coordinates>135.2498289,34.2757646,0</coordinates></Point></Placemark>
<Placemark><name>紀ノ川SA (下り) (Kinokawa SA (Kudari))</name><description><![CDATA[Original: 紀ノ川SA (下り)<br/>Romaji: Kinokawa<br/>Source: OpenStreetMap-derived japan_pois.py]]></description><Point><coordinates>135.2470164,34.2748138,0</coordinates></Point></Placemark>
<Placemark><name>吉備湯浅PA (下り) (Kibi-Yuasa PA (Kudari))</name><description><![CDATA[Original: 吉備湯浅PA (下り)<br/>Romaji: Kibi-Yuasa<br/>Source: OpenStreetMap-derived japan_pois.py]]></description><Point><coordinates>135.2016009,34.0369505,0</coordinates></Point></Placemark>
<Placemark><name>印南SA (上り) (Inami SA (Nobori))</name><description><![CDATA[Original: 印南SA (上り)<br/>Romaji: Inami<br/>Source: OpenStreetMap-derived japan_pois.py]]></description><Point><coordinates>135.2369433,33.8102695,0</coordinates></Point></Placemark>
<Placemark><name>印南SA (下り) (Inami SA (Kudari))</name><description><![CDATA[Original: 印南SA (下り)<br/>Romaji: Inami<br/>Source: OpenStreetMap-derived japan_pois.py]]></description><Point><coordinates>135.2360472,33.8122049,0</coordinates></Point></Placemark>
<Placemark><name>奥伊勢PA(下り) (Oku-Ise PA (Kudari))</name><description><![CDATA[Original: 奥伊勢PA(下り)<br/>Romaji: Oku-Ise<br/>Source: OpenStreetMap-derived japan_pois.py]]></description><Point><coordinates>136.4542113,34.4133818,0</coordinates></Point></Placemark>
<Placemark><name>奥伊勢PA(上り) (Oku-Ise PA (Nobori))</name><description><![CDATA[Original: 奥伊勢PA(上り)<br/>Romaji: Oku-Ise<br/>Source: OpenStreetMap-derived japan_pois.py]]></description><Point><coordinates>136.4547466,34.4142920,0</coordinates></Point></Placemark>
<Placemark><name>多気PA (下り) (Taki PA (Kudari))</name><description><![CDATA[Original: 多気PA (下り)<br/>Romaji: Taki<br/>Source: OpenStreetMap-derived japan_pois.py]]></description><Point><coordinates>136.5719291,34.4649943,0</coordinates></Point></Placemark>
<Placemark><name>多気PA (上り) (Taki PA (Nobori))</name><description><![CDATA[Original: 多気PA (上り)<br/>Romaji: Taki<br/>Source: OpenStreetMap-derived japan_pois.py]]></description><Point><coordinates>136.5746179,34.4648847,0</coordinates></Point></Placemark>
<Placemark><name>嬉野PA (上り) (Ureshino PA (Nobori))</name><description><![CDATA[Original: 嬉野PA (上り)<br/>Romaji: Ureshino<br/>Source: OpenStreetMap-derived japan_pois.py]]></description><Point><coordinates>136.4609933,34.6123559,0</coordinates></Point></Placemark>
<Placemark><name>嬉野PA (下り) (Ureshino PA (Kudari))</name><description><![CDATA[Original: 嬉野PA (下り)<br/>Romaji: Ureshino<br/>Source: OpenStreetMap-derived japan_pois.py]]></description><Point><coordinates>136.4618523,34.6128373,0</coordinates></Point></Placemark>
<Placemark><name>安濃SA (上り) (Anno SA (Nobori))</name><description><![CDATA[Original: 安濃SA (上り)<br/>Romaji: Anno<br/>Source: OpenStreetMap-derived japan_pois.py]]></description><Point><coordinates>136.4677529,34.7797869,0</coordinates></Point></Placemark>
<Placemark><name>亀山PA (上り) (Kameyama PA (Nobori))</name><description><![CDATA[Original: 亀山PA (上り)<br/>Romaji: Kameyama<br/>Source: OpenStreetMap-derived japan_pois.py]]></description><Point><coordinates>136.4150294,34.8684212,0</coordinates></Point></Placemark>
<Placemark><name>甲南PA (下り) (Konan PA (Kudari))</name><description><![CDATA[Original: 甲南PA (下り)<br/>Romaji: Konan<br/>Source: OpenStreetMap-derived japan_pois.py]]></description><Point><coordinates>136.1530518,34.9132910,0</coordinates></Point></Placemark>
<Placemark><name>甲南PA (上り) (Konan PA (Nobori))</name><description><![CDATA[Original: 甲南PA (上り)<br/>Romaji: Konan<br/>Source: OpenStreetMap-derived japan_pois.py]]></description><Point><coordinates>136.1535600,34.9152068,0</coordinates></Point></Placemark>
<Placemark><name>御在所SA (上り) (Gozaisho SA (Nobori))</name><description><![CDATA[Original: 御在所SA (上り)<br/>Romaji: Gozaisho<br/>Source: OpenStreetMap-derived japan_pois.py]]></description><Point><coordinates>136.5909586,35.0189449,0</coordinates></Point></Placemark>
<Placemark><name>御在所SA (下り) (Gozaisho SA (Kudari))</name><description><![CDATA[Original: 御在所SA (下り)<br/>Romaji: Gozaisho<br/>Source: OpenStreetMap-derived japan_pois.py]]></description><Point><coordinates>136.5941455,35.0188879,0</coordinates></Point></Placemark>
<Placemark><name>大山田PA (下り) (Oyamada PA (Kudari))</name><description><![CDATA[Original: 大山田PA (下り)<br/>Romaji: Oyamada<br/>Source: OpenStreetMap-derived japan_pois.py]]></description><Point><coordinates>136.6598102,35.0856782,0</coordinates></Point></Placemark>
<Placemark><name>大山田PA (上り) (Oyamada PA (Nobori))</name><description><![CDATA[Original: 大山田PA (上り)<br/>Romaji: Oyamada<br/>Source: OpenStreetMap-derived japan_pois.py]]></description><Point><coordinates>136.6568784,35.0850389,0</coordinates></Point></Placemark>
<Placemark><name>岸和田SA (下り) (Kishiwada SA (Kudari))</name><description><![CDATA[Original: 岸和田SA (下り)<br/>Romaji: Kishiwada<br/>Source: OpenStreetMap-derived japan_pois.py]]></description><Point><coordinates>135.4326511,34.4040579,0</coordinates></Point></Placemark>
<Placemark><name>岸和田SA (上り) (Kishiwada SA (Nobori))</name><description><![CDATA[Original: 岸和田SA (上り)<br/>Romaji: Kishiwada<br/>Source: OpenStreetMap-derived japan_pois.py]]></description><Point><coordinates>135.4347307,34.4050389,0</coordinates></Point></Placemark>
<Placemark><name>湾岸長島PA (上り) (Wangan-Nagashima PA (Nobori))</name><description><![CDATA[Original: 湾岸長島PA (上り)<br/>Romaji: Wangan-Nagashima<br/>Source: OpenStreetMap-derived japan_pois.py]]></description><Point><coordinates>136.7302812,35.0386031,0</coordinates></Point></Placemark>
<Placemark><name>鞍ヶ池PA (外回り) (Kuragaike PA (Sotomawari))</name><description><![CDATA[Original: 鞍ヶ池PA (外回り)<br/>Romaji: Kuragaike<br/>Source: OpenStreetMap-derived japan_pois.py]]></description><Point><coordinates>137.2235621,35.0936940,0</coordinates></Point></Placemark>
<Placemark><name>西広瀬PA (上り) (Nishi-Hirose PA (Nobori))</name><description><![CDATA[Original: 西広瀬PA (上り)<br/>Romaji: Nishi-Hirose<br/>Source: OpenStreetMap-derived japan_pois.py]]></description><Point><coordinates>137.1984389,35.1538366,0</coordinates></Point></Placemark>
<Placemark><name>西広瀬PA (下り) (Nishi-Hirose PA (Kudari))</name><description><![CDATA[Original: 西広瀬PA (下り)<br/>Romaji: Nishi-Hirose<br/>Source: OpenStreetMap-derived japan_pois.py]]></description><Point><coordinates>137.1969050,35.1544142,0</coordinates></Point></Placemark>
<Placemark><name>せと赤津PA (内回り) (Seto-Akazu PA (Uchimawari))</name><description><![CDATA[Original: せと赤津PA (内回り)<br/>Romaji: Seto-Akazu<br/>Source: OpenStreetMap-derived japan_pois.py]]></description><Point><coordinates>137.1331312,35.2177439,0</coordinates></Point></Placemark>
<Placemark><name>せと赤津PA (外回り) (Seto-Akazu PA (Sotomawari))</name><description><![CDATA[Original: せと赤津PA (外回り)<br/>Romaji: Seto-Akazu<br/>Source: OpenStreetMap-derived japan_pois.py]]></description><Point><coordinates>137.1348101,35.2199549,0</coordinates></Point></Placemark>
<Placemark><name>五斗蒔PA (内回り) (Gotomaki PA (Uchimawari))</name><description><![CDATA[Original: 五斗蒔PA (内回り)<br/>Romaji: Gotomaki<br/>Source: OpenStreetMap-derived japan_pois.py]]></description><Point><coordinates>137.1576707,35.3704920,0</coordinates></Point></Placemark>
<Placemark><name>五斗蒔PA (外回り) (Gotomaki PA (Sotomawari))</name><description><![CDATA[Original: 五斗蒔PA (外回り)<br/>Romaji: Gotomaki<br/>Source: OpenStreetMap-derived japan_pois.py]]></description><Point><coordinates>137.1580827,35.3711139,0</coordinates></Point></Placemark>
<Placemark><name>虎渓山PA (上り) (Kokeizan PA (Nobori))</name><description><![CDATA[Original: 虎渓山PA (上り)<br/>Romaji: Kokeizan<br/>Source: OpenStreetMap-derived japan_pois.py]]></description><Point><coordinates>137.1265576,35.3521785,0</coordinates></Point></Placemark>
<Placemark><name>内津峠PA (下り) (Utsutsu-toge PA (Kudari))</name><description><![CDATA[Original: 内津峠PA (下り)<br/>Romaji: Utsutsu-toge<br/>Source: OpenStreetMap-derived japan_pois.py]]></description><Point><coordinates>137.0431915,35.3332195,0</coordinates></Point></Placemark>
<Placemark><name>内津峠PA (上り) (Utsutsu-toge PA (Nobori))</name><description><![CDATA[Original: 内津峠PA (上り)<br/>Romaji: Utsutsu-toge<br/>Source: OpenStreetMap-derived japan_pois.py]]></description><Point><coordinates>137.0434261,35.3340123,0</coordinates></Point></Placemark>
<Placemark><name>駒寄PA (下り) (Komayose PA (Kudari))</name><description><![CDATA[Original: 駒寄PA (下り)<br/>Romaji: Komayose<br/>Source: OpenStreetMap-derived japan_pois.py]]></description><Point><coordinates>139.0144736,36.4306567,0</coordinates></Point></Placemark>
<Placemark><name>駒寄PA (上り) (Komayose PA (Nobori))</name><description><![CDATA[Original: 駒寄PA (上り)<br/>Romaji: Komayose<br/>Source: OpenStreetMap-derived japan_pois.py]]></description><Point><coordinates>139.0154159,36.4318912,0</coordinates></Point></Placemark>
<Placemark><name>八雲PA (Yakumo PA)</name><description><![CDATA[Original: 八雲PA<br/>Romaji: Yakumo<br/>Source: OpenStreetMap-derived japan_pois.py]]></description><Point><coordinates>140.3119791,42.2267164,0</coordinates></Point></Placemark>
<Placemark><name>静狩PA (上り) (Shizukari PA (Nobori))</name><description><![CDATA[Original: 静狩PA (上り)<br/>Romaji: Shizukari<br/>Source: OpenStreetMap-derived japan_pois.py]]></description><Point><coordinates>140.3939689,42.5627093,0</coordinates></Point></Placemark>
<Placemark><name>静狩PA (下り) (Shizukari PA (Kudari))</name><description><![CDATA[Original: 静狩PA (下り)<br/>Romaji: Shizukari<br/>Source: OpenStreetMap-derived japan_pois.py]]></description><Point><coordinates>140.3938079,42.5637575,0</coordinates></Point></Placemark>
<Placemark><name>豊浦噴火湾PA (下り) (Toyoura-Funkawan PA (Kudari))</name><description><![CDATA[Original: 豊浦噴火湾PA (下り)<br/>Romaji: Toyoura-Funkawan<br/>Source: OpenStreetMap-derived japan_pois.py]]></description><Point><coordinates>140.6950272,42.5922628,0</coordinates></Point></Placemark>
<Placemark><name>豊浦噴火湾PA (上り) (Toyoura-Funkawan PA (Nobori))</name><description><![CDATA[Original: 豊浦噴火湾PA (上り)<br/>Romaji: Toyoura-Funkawan<br/>Source: OpenStreetMap-derived japan_pois.py]]></description><Point><coordinates>140.6965409,42.5915425,0</coordinates></Point></Placemark>
<Placemark><name>有珠山SA (上り) (Usu-zan SA (Nobori))</name><description><![CDATA[Original: 有珠山SA (上り)<br/>Romaji: Usu-zan<br/>Source: OpenStreetMap-derived japan_pois.py]]></description><Point><coordinates>140.9079342,42.4659257,0</coordinates></Point></Placemark>
<Placemark><name>有珠山SA (下り) (Usu-zan SA (Kudari))</name><description><![CDATA[Original: 有珠山SA (下り)<br/>Romaji: Usu-zan<br/>Source: OpenStreetMap-derived japan_pois.py]]></description><Point><coordinates>140.9095815,42.4664861,0</coordinates></Point></Placemark>
<Placemark><name>本輪西展望所</name><description><![CDATA[Original: 本輪西展望所<br/>Romaji: (not confidently available)<br/>Source: OpenStreetMap-derived japan_pois.py]]></description><Point><coordinates>140.9885761,42.3842712,0</coordinates></Point></Placemark>
<Placemark><name>富浦PA (下り) (Tomisaki PA (Kudari))</name><description><![CDATA[Original: 富浦PA (下り)<br/>Romaji: Tomisaki<br/>Source: OpenStreetMap-derived japan_pois.py]]></description><Point><coordinates>141.1464515,42.4434724,0</coordinates></Point></Placemark>
<Placemark><name>富浦PA (上り) (Tomisaki PA (Nobori))</name><description><![CDATA[Original: 富浦PA (上り)<br/>Romaji: Tomisaki<br/>Source: OpenStreetMap-derived japan_pois.py]]></description><Point><coordinates>141.1481520,42.4432354,0</coordinates></Point></Placemark>
<Placemark><name>萩野PA (下り) (Hagino PA (Kudari))</name><description><![CDATA[Original: 萩野PA (下り)<br/>Romaji: Hagino<br/>Source: OpenStreetMap-derived japan_pois.py]]></description><Point><coordinates>141.2836070,42.5427809,0</coordinates></Point></Placemark>
<Placemark><name>萩野PA (上り) (Hagino PA (Nobori))</name><description><![CDATA[Original: 萩野PA (上り)<br/>Romaji: Hagino<br/>Source: OpenStreetMap-derived japan_pois.py]]></description><Point><coordinates>141.2851546,42.5427300,0</coordinates></Point></Placemark>
<Placemark><name>樽前SA (上り) (Tarumae SA (Nobori))</name><description><![CDATA[Original: 樽前SA (上り)<br/>Romaji: Tarumae<br/>Source: OpenStreetMap-derived japan_pois.py]]></description><Point><coordinates>141.4642409,42.6104140,0</coordinates></Point></Placemark>
<Placemark><name>樽前SA (下り) (Tarumae SA (Kudari))</name><description><![CDATA[Original: 樽前SA (下り)<br/>Romaji: Tarumae<br/>Source: OpenStreetMap-derived japan_pois.py]]></description><Point><coordinates>141.4673272,42.6147832,0</coordinates></Point></Placemark>
<Placemark><name>美沢PA (下り) (Misawa PA (Kudari))</name><description><![CDATA[Original: 美沢PA (下り）<br/>Romaji: Misawa<br/>Source: OpenStreetMap-derived japan_pois.py]]></description><Point><coordinates>141.6412022,42.7563633,0</coordinates></Point></Placemark>
<Placemark><name>美沢PA (上り) (Misawa PA (Nobori))</name><description><![CDATA[Original: 美沢PA (上り)<br/>Romaji: Misawa<br/>Source: OpenStreetMap-derived japan_pois.py]]></description><Point><coordinates>141.6421359,42.7572469,0</coordinates></Point></Placemark>
<Placemark><name>輪厚PA (下り) (Wattsu PA (Kudari))</name><description><![CDATA[Original: 輪厚PA (下り)<br/>Romaji: Wattsu<br/>Source: OpenStreetMap-derived japan_pois.py]]></description><Point><coordinates>141.5112236,42.9510558,0</coordinates></Point></Placemark>
<Placemark><name>輪厚PA (上り) (Wattsu PA (Nobori))</name><description><![CDATA[Original: 輪厚PA (上り)<br/>Romaji: Wattsu<br/>Source: OpenStreetMap-derived japan_pois.py]]></description><Point><coordinates>141.5121456,42.9523663,0</coordinates></Point></Placemark>
<Placemark><name>金山PA (上り) (Kanayama PA (Nobori))</name><description><![CDATA[Original: 金山PA (上り)<br/>Romaji: Kanayama<br/>Source: OpenStreetMap-derived japan_pois.py]]></description><Point><coordinates>141.2139343,43.1227329,0</coordinates></Point></Placemark>
<Placemark><name>金山PA (下り) (Kanayama PA (Kudari))</name><description><![CDATA[Original: 金山PA (下り)<br/>Romaji: Kanayama<br/>Source: OpenStreetMap-derived japan_pois.py]]></description><Point><coordinates>141.2103537,43.1250032,0</coordinates></Point></Placemark>
<Placemark><name>キウスPA (上り) (Kiusu PA (Nobori))</name><description><![CDATA[Original: キウスPA (上り)<br/>Romaji: Kiusu<br/>Source: OpenStreetMap-derived japan_pois.py]]></description><Point><coordinates>141.7281487,42.8776206,0</coordinates></Point></Placemark>
<Placemark><name>キウスPA (下り) (Kiusu PA (Kudari))</name><description><![CDATA[Original: キウスPA (下り)<br/>Romaji: Kiusu<br/>Source: OpenStreetMap-derived japan_pois.py]]></description><Point><coordinates>141.7336389,42.8775327,0</coordinates></Point></Placemark>
<Placemark><name>由仁PA (下り) (Yuni PA (Kudari))</name><description><![CDATA[Original: 由仁PA (下り)<br/>Romaji: Yuni<br/>Source: OpenStreetMap-derived japan_pois.py]]></description><Point><coordinates>141.8994944,42.9076736,0</coordinates></Point></Placemark>
<Placemark><name>由仁PA (上り) (Yuni PA (Nobori))</name><description><![CDATA[Original: 由仁PA (上り)<br/>Romaji: Yuni<br/>Source: OpenStreetMap-derived japan_pois.py]]></description><Point><coordinates>141.9005571,42.9065184,0</coordinates></Point></Placemark>
<Placemark><name>占冠PA (上り) (Shimukappu PA (Nobori))</name><description><![CDATA[Original: 占冠PA (上り)<br/>Romaji: Shimukappu<br/>Source: OpenStreetMap-derived japan_pois.py]]></description><Point><coordinates>142.4162704,43.0055036,0</coordinates></Point></Placemark>
<Placemark><name>占冠PA (下り) (Shimukappu PA (Kudari))</name><description><![CDATA[Original: 占冠PA (下り)<br/>Romaji: Shimukappu<br/>Source: OpenStreetMap-derived japan_pois.py]]></description><Point><coordinates>142.4221388,43.0094174,0</coordinates></Point></Placemark>
<Placemark><name>十勝平原SA (下り) (Tokachi Heigen SA (Kudari))</name><description><![CDATA[Original: 十勝平原SA (下り)<br/>Romaji: Tokachi Heigen<br/>Source: OpenStreetMap-derived japan_pois.py]]></description><Point><coordinates>143.0218181,42.9832288,0</coordinates></Point></Placemark>
<Placemark><name>十勝平原SA (上り) (Tokachi Heigen SA (Nobori))</name><description><![CDATA[Original: 十勝平原SA (上り)<br/>Romaji: Tokachi Heigen<br/>Source: OpenStreetMap-derived japan_pois.py]]></description><Point><coordinates>143.0229813,42.9816950,0</coordinates></Point></Placemark>
<Placemark><name>長流枝PA (上り) (Osarushinai PA (Nobori))</name><description><![CDATA[Original: 長流枝PA (上り)<br/>Romaji: Osarushinai<br/>Source: OpenStreetMap-derived japan_pois.py]]></description><Point><coordinates>143.3353532,42.9918691,0</coordinates></Point></Placemark>
<Placemark><name>長流枝PA (下り) (Osarushinai PA (Kudari))</name><description><![CDATA[Original: 長流枝PA (下り)<br/>Romaji: Osarushinai<br/>Source: OpenStreetMap-derived japan_pois.py]]></description><Point><coordinates>143.3361007,42.9926710,0</coordinates></Point></Placemark>
<Placemark><name>岩見沢SA (下り) (Iwamizawa SA (Kudari))</name><description><![CDATA[Original: 岩見沢SA (下り)<br/>Romaji: Iwamizawa<br/>Source: OpenStreetMap-derived japan_pois.py]]></description><Point><coordinates>141.8012258,43.1952441,0</coordinates></Point></Placemark>
<Placemark><name>岩見沢SA (上り) (Iwamizawa SA (Nobori))</name><description><![CDATA[Original: 岩見沢SA (上り)<br/>Romaji: Iwamizawa<br/>Source: OpenStreetMap-derived japan_pois.py]]></description><Point><coordinates>141.8043556,43.1944601,0</coordinates></Point></Placemark>
<Placemark><name>茶志内PA (上り) (Chashinai PA (Nobori))</name><description><![CDATA[Original: 茶志内PA (上り)<br/>Romaji: Chashinai<br/>Source: OpenStreetMap-derived japan_pois.py]]></description><Point><coordinates>141.8897375,43.3780922,0</coordinates></Point></Placemark>
<Placemark><name>茶志内PA (下り) (Chashinai PA (Kudari))</name><description><![CDATA[Original: 茶志内PA (下り)<br/>Romaji: Chashinai<br/>Source: OpenStreetMap-derived japan_pois.py]]></description><Point><coordinates>141.8922607,43.3824509,0</coordinates></Point></Placemark>
<Placemark><name>砂川SA (下り) (Sunagawa SA (Kudari))</name><description><![CDATA[Original: 砂川SA (下り)<br/>Romaji: Sunagawa<br/>Source: OpenStreetMap-derived japan_pois.py]]></description><Point><coordinates>141.9280345,43.5279860,0</coordinates></Point></Placemark>
<Placemark><name>砂川SA (上り) (Sunagawa SA (Nobori))</name><description><![CDATA[Original: 砂川SA (上り)<br/>Romaji: Sunagawa<br/>Source: OpenStreetMap-derived japan_pois.py]]></description><Point><coordinates>141.9297982,43.5289230,0</coordinates></Point></Placemark>
<Placemark><name>比布大雪PA (下り) (Pippu Taisetsu PA (Kudari))</name><description><![CDATA[Original: 比布大雪PA (下り)<br/>Romaji: Pippu Taisetsu<br/>Source: OpenStreetMap-derived japan_pois.py]]></description><Point><coordinates>142.4579390,43.8914694,0</coordinates></Point></Placemark>
<Placemark><name>比布大雪PA (上り) (Pippu Taisetsu PA (Nobori))</name><description><![CDATA[Original: 比布大雪PA (上り)<br/>Romaji: Pippu Taisetsu<br/>Source: OpenStreetMap-derived japan_pois.py]]></description><Point><coordinates>142.4592391,43.8908533,0</coordinates></Point></Placemark>
<Placemark><name>久地PA (下り) (Kuchi PA (Kudari))</name><description><![CDATA[Original: 久地PA (下り)<br/>Romaji: Kuchi<br/>Source: OpenStreetMap-derived japan_pois.py]]></description><Point><coordinates>132.4026766,34.4974153,0</coordinates></Point></Placemark>
<Placemark><name>久地PA (上り) (Kuchi PA (Nobori))</name><description><![CDATA[Original: 久地PA (上り)<br/>Romaji: Kuchi<br/>Source: OpenStreetMap-derived japan_pois.py]]></description><Point><coordinates>132.4035815,34.4990232,0</coordinates></Point></Placemark>
<Placemark><name>宍道湖SA (上り) (Shinjiko SA (Nobori))</name><description><![CDATA[Original: 宍道湖SA (上り)<br/>Romaji: Shinjiko<br/>Source: OpenStreetMap-derived japan_pois.py]]></description><Point><coordinates>133.0134247,35.4249487,0</coordinates></Point></Placemark>
<Placemark><name>宍道湖SA (下り) (Shinjiko SA (Kudari))</name><description><![CDATA[Original: 宍道湖SA (下り)<br/>Romaji: Shinjiko<br/>Source: OpenStreetMap-derived japan_pois.py]]></description><Point><coordinates>133.0173914,35.4260009,0</coordinates></Point></Placemark>
<Placemark><name>大山PA (下り) (Daisen PA (Kudari))</name><description><![CDATA[Original: 大山PA (下り)<br/>Romaji: Daisen<br/>Source: OpenStreetMap-derived japan_pois.py]]></description><Point><coordinates>133.4188750,35.3865323,0</coordinates></Point></Placemark>
<Placemark><name>大山PA (上り) (Daisen PA (Nobori))</name><description><![CDATA[Original: 大山PA (上り)<br/>Romaji: Daisen<br/>Source: OpenStreetMap-derived japan_pois.py]]></description><Point><coordinates>133.4200084,35.3868102,0</coordinates></Point></Placemark>
<Placemark><name>蒜山高原SA (下り) (Hiruzen Kogen SA (Kudari))</name><description><![CDATA[Original: 蒜山高原SA (下り)<br/>Romaji: Hiruzen Kogen<br/>Source: OpenStreetMap-derived japan_pois.py]]></description><Point><coordinates>133.6293243,35.2713813,0</coordinates></Point></Placemark>
<Placemark><name>蒜山高原SA (上り) (Hiruzen Kogen SA (Nobori))</name><description><![CDATA[Original: 蒜山高原SA (上り)<br/>Romaji: Hiruzen Kogen<br/>Source: OpenStreetMap-derived japan_pois.py]]></description><Point><coordinates>133.6280821,35.2732571,0</coordinates></Point></Placemark>
<Placemark><name>高梁SA (下り) (Takahashi SA (Kudari))</name><description><![CDATA[Original: 高梁SA (下り)<br/>Romaji: Takahashi<br/>Source: OpenStreetMap-derived japan_pois.py]]></description><Point><coordinates>133.6620222,34.8788342,0</coordinates></Point></Placemark>
<Placemark><name>高梁SA (上り) (Takahashi SA (Nobori))</name><description><![CDATA[Original: 高梁SA (上り)<br/>Romaji: Takahashi<br/>Source: OpenStreetMap-derived japan_pois.py]]></description><Point><coordinates>133.6615496,34.8733231,0</coordinates></Point></Placemark>
<Placemark><name>来島海峡SA (Kurushima Kaikyo SA)</name><description><![CDATA[Original: 来島海峡SA<br/>Romaji: Kurushima Kaikyo<br/>Source: OpenStreetMap-derived japan_pois.py]]></description><Point><coordinates>132.9789046,34.0997302,0</coordinates></Point></Placemark>
<Placemark><name>上浦PA (下り) (Kamiura PA (Kudari))</name><description><![CDATA[Original: 上浦PA (下り)<br/>Romaji: Kamiura<br/>Source: OpenStreetMap-derived japan_pois.py]]></description><Point><coordinates>133.0474796,34.2297556,0</coordinates></Point></Placemark>
<Placemark><name>瀬戸田PA (上り) (Setoda PA (Nobori))</name><description><![CDATA[Original: 瀬戸田PA (上り)<br/>Romaji: Setoda<br/>Source: OpenStreetMap-derived japan_pois.py]]></description><Point><coordinates>133.0797076,34.2601793,0</coordinates></Point></Placemark>
<Placemark><name>瀬戸田PA (下り) (Setoda PA (Kudari))</name><description><![CDATA[Original: 瀬戸田PA (下り)<br/>Romaji: Setoda<br/>Source: OpenStreetMap-derived japan_pois.py]]></description><Point><coordinates>133.0818395,34.2593018,0</coordinates></Point></Placemark>
<Placemark><name>鴻ノ池SA (上り) (Kon-no-Ike SA (Nobori))</name><description><![CDATA[Original: 鴻ノ池SA (上り)<br/>Romaji: Kon-no-Ike<br/>Source: OpenStreetMap-derived japan_pois.py]]></description><Point><coordinates>133.7816286,34.4757768,0</coordinates></Point></Placemark>
<Placemark><name>鴻ノ池SA (下り) (Kon-no-Ike SA (Kudari))</name><description><![CDATA[Original: 鴻ノ池SA (下り)<br/>Romaji: Kon-no-Ike<br/>Source: OpenStreetMap-derived japan_pois.py]]></description><Point><coordinates>133.7845507,34.4724233,0</coordinates></Point></Placemark>
<Placemark><name>友部SA (下り) (Tomobe SA (Kudari))</name><description><![CDATA[Original: 友部SA (下り)<br/>Romaji: Tomobe<br/>Source: OpenStreetMap-derived japan_pois.py]]></description><Point><coordinates>140.3393860,36.3095902,0</coordinates></Point></Placemark>
<Placemark><name>釈迦内PA (Shakanai PA)</name><description><![CDATA[Original: 釈迦内PA<br/>Romaji: Shakanai<br/>Source: OpenStreetMap-derived japan_pois.py]]></description><Point><coordinates>140.5762773,40.3120858,0</coordinates></Point></Placemark>
<Placemark><name>ならはPA (上り) (Naraha PA (Nobori))</name><description><![CDATA[Original: ならはPA (上り)<br/>Romaji: Naraha<br/>Source: OpenStreetMap-derived japan_pois.py]]></description><Point><coordinates>140.9822350,37.2868838,0</coordinates></Point></Placemark>
<Placemark><name>ならはPA (下り) (Naraha PA (Kudari))</name><description><![CDATA[Original: ならはPA (下り)<br/>Romaji: Naraha<br/>Source: OpenStreetMap-derived japan_pois.py]]></description><Point><coordinates>140.9811535,37.2870820,0</coordinates></Point></Placemark>
<Placemark><name>南相馬鹿島SA (Minamisoma-Kashima SA)</name><description><![CDATA[Original: 南相馬鹿島SA<br/>Romaji: Minamisoma-Kashima<br/>Source: OpenStreetMap-derived japan_pois.py]]></description><Point><coordinates>140.9223218,37.7143044,0</coordinates></Point></Placemark>
<Placemark><name>鳥の海PA (Torino-Umi PA)</name><description><![CDATA[Original: 鳥の海PA<br/>Romaji: Torino-Umi<br/>Source: OpenStreetMap-derived japan_pois.py]]></description><Point><coordinates>140.8918612,38.0387099,0</coordinates></Point></Placemark>
<Placemark><name>西目PA (上り) (Nishime PA (Nobori))</name><description><![CDATA[Original: 西目PA (上り)<br/>Romaji: Nishime<br/>Source: OpenStreetMap-derived japan_pois.py]]></description><Point><coordinates>140.0297053,39.3240291,0</coordinates></Point></Placemark>
<Placemark><name>西目PA (下り) (Nishime PA (Kudari))</name><description><![CDATA[Original: 西目PA (下り)<br/>Romaji: Nishime<br/>Source: OpenStreetMap-derived japan_pois.py]]></description><Point><coordinates>140.0290031,39.3221524,0</coordinates></Point></Placemark>
<Placemark><name>鮎沢PA (下り) (Ayuzawa PA (Kudari))</name><description><![CDATA[Original: 鮎沢PA (下り)<br/>Romaji: Ayuzawa<br/>Source: OpenStreetMap-derived japan_pois.py]]></description><Point><coordinates>139.0221868,35.3620149,0</coordinates></Point></Placemark>
<Placemark><name>鮎沢PA (上り) (Ayuzawa PA (Nobori))</name><description><![CDATA[Original: 鮎沢PA (上り)<br/>Romaji: Ayuzawa<br/>Source: OpenStreetMap-derived japan_pois.py]]></description><Point><coordinates>139.0156082,35.3561488,0</coordinates></Point></Placemark>
<Placemark><name>中井PA (下り) (Nakai PA (Kudari))</name><description><![CDATA[Original: 中井PA (下り)<br/>Romaji: Nakai<br/>Source: OpenStreetMap-derived japan_pois.py]]></description><Point><coordinates>139.2036331,35.3432132,0</coordinates></Point></Placemark>
<Placemark><name>中井PA (上り) (Nakai PA (Nobori))</name><description><![CDATA[Original: 中井PA (上り)<br/>Romaji: Nakai<br/>Source: OpenStreetMap-derived japan_pois.py]]></description><Point><coordinates>139.1989208,35.3417509,0</coordinates></Point></Placemark>
<Placemark><name>愛鷹PA (上り) (Ashitaka PA (Nobori))</name><description><![CDATA[Original: 愛鷹PA (上り)<br/>Romaji: Ashitaka<br/>Source: OpenStreetMap-derived japan_pois.py]]></description><Point><coordinates>138.8369019,35.1432932,0</coordinates></Point></Placemark>
<Placemark><name>日本平PA (下り) (Nihondaira PA (Kudari))</name><description><![CDATA[Original: 日本平PA (下り)<br/>Romaji: Nihondaira<br/>Source: OpenStreetMap-derived japan_pois.py]]></description><Point><coordinates>138.4354793,34.9852220,0</coordinates></Point></Placemark>
<Placemark><name>日本平PA (上り) (Nihondaira PA (Nobori))</name><description><![CDATA[Original: 日本平PA (上り)<br/>Romaji: Nihondaira<br/>Source: OpenStreetMap-derived japan_pois.py]]></description><Point><coordinates>138.4335479,34.9835698,0</coordinates></Point></Placemark>
<Placemark><name>谷田部東PA (上り) (Yatabe-Higashi PA (Nobori))</name><description><![CDATA[Original: 谷田部東PA (上り)<br/>Romaji: Yatabe-Higashi<br/>Source: OpenStreetMap-derived japan_pois.py]]></description><Point><coordinates>140.1381705,36.0382805,0</coordinates></Point></Placemark>
<Placemark><name>富士川SA (上り) (Fujikawa SA (Nobori))</name><description><![CDATA[Original: 富士川SA (上り)<br/>Romaji: Fujikawa<br/>Source: OpenStreetMap-derived japan_pois.py]]></description><Point><coordinates>138.6176604,35.1607582,0</coordinates></Point></Placemark>
<Placemark><name>富士川SA (下り) (Fujikawa SA (Kudari))</name><description><![CDATA[Original: 富士川SA (下り)<br/>Romaji: Fujikawa<br/>Source: OpenStreetMap-derived japan_pois.py]]></description><Point><coordinates>138.6195445,35.1580392,0</coordinates></Point></Placemark>
<Placemark><name>牧之原SA (下り) (Makinohara SA (Kudari))</name><description><![CDATA[Original: 牧之原SA (下り)<br/>Romaji: Makinohara<br/>Source: OpenStreetMap-derived japan_pois.py]]></description><Point><coordinates>138.1647027,34.7576874,0</coordinates></Point></Placemark>
<Placemark><name>牧之原SA (上り) (Makinohara SA (Nobori))</name><description><![CDATA[Original: 牧之原SA (上り)<br/>Romaji: Makinohara<br/>Source: OpenStreetMap-derived japan_pois.py]]></description><Point><coordinates>138.1574263,34.7610796,0</coordinates></Point></Placemark>
<Placemark><name>小笠PA (下り) (Ogasa PA (Kudari))</name><description><![CDATA[Original: 小笠PA (下り)<br/>Romaji: Ogasa<br/>Source: OpenStreetMap-derived japan_pois.py]]></description><Point><coordinates>138.0035661,34.7606509,0</coordinates></Point></Placemark>
<Placemark><name>遠州豊田PA (下り) (Enshu-Toyoda PA (Kudari))</name><description><![CDATA[Original: 遠州豊田PA (下り)<br/>Romaji: Enshu-Toyoda<br/>Source: OpenStreetMap-derived japan_pois.py]]></description><Point><coordinates>137.8401008,34.7473699,0</coordinates></Point></Placemark>
<Placemark><name>遠州豊田PA (上り) (Enshu-Toyoda PA (Nobori))</name><description><![CDATA[Original: 遠州豊田PA (上り)<br/>Romaji: Enshu-Toyoda<br/>Source: OpenStreetMap-derived japan_pois.py]]></description><Point><coordinates>137.8403681,34.7489341,0</coordinates></Point></Placemark>
<Placemark><name>三方原PA (下り) (Mikatahara PA (Kudari))</name><description><![CDATA[Original: 三方原PA (下り)<br/>Romaji: Mikatahara<br/>Source: OpenStreetMap-derived japan_pois.py]]></description><Point><coordinates>137.7373352,34.7573003,0</coordinates></Point></Placemark>
<Placemark><name>三方原PA (上り) (Mikatahara PA (Nobori))</name><description><![CDATA[Original: 三方原PA (上り)<br/>Romaji: Mikatahara<br/>Source: OpenStreetMap-derived japan_pois.py]]></description><Point><coordinates>137.7382550,34.7574950,0</coordinates></Point></Placemark>
<Placemark><name>浜名湖SA (Hamanako SA)</name><description><![CDATA[Original: 浜名湖SA<br/>Romaji: Hamanako<br/>Source: OpenStreetMap-derived japan_pois.py]]></description><Point><coordinates>137.6080404,34.7821570,0</coordinates></Point></Placemark>
<Placemark><name>新城PA (下り) (Shinshiro PA (Kudari))</name><description><![CDATA[Original: 新城PA (下り)<br/>Romaji: Shinshiro<br/>Source: OpenStreetMap-derived japan_pois.py]]></description><Point><coordinates>137.4981198,34.8427496,0</coordinates></Point></Placemark>
<Placemark><name>新城PA (上り) (Shinshiro PA (Nobori))</name><description><![CDATA[Original: 新城PA (上り)<br/>Romaji: Shinshiro<br/>Source: OpenStreetMap-derived japan_pois.py]]></description><Point><coordinates>137.4987251,34.8437375,0</coordinates></Point></Placemark>
<Placemark><name>豊橋PA (下り) (Toyohashi PA (Kudari))</name><description><![CDATA[Original: 豊橋PA (下り)<br/>Romaji: Toyohashi<br/>Source: OpenStreetMap-derived japan_pois.py]]></description><Point><coordinates>137.4486158,34.8436923,0</coordinates></Point></Placemark>
<Placemark><name>赤塚PA (下り) (Akatsuka PA (Kudari))</name><description><![CDATA[Original: 赤塚PA (下り)<br/>Romaji: Akatsuka<br/>Source: OpenStreetMap-derived japan_pois.py]]></description><Point><coordinates>137.3665623,34.8507723,0</coordinates></Point></Placemark>
<Placemark><name>赤塚PA (上り) (Akatsuka PA (Nobori))</name><description><![CDATA[Original: 赤塚PA (上り)<br/>Romaji: Akatsuka<br/>Source: OpenStreetMap-derived japan_pois.py]]></description><Point><coordinates>137.3614382,34.8511355,0</coordinates></Point></Placemark>
<Placemark><name>美合PA (下り) (Miai PA (Kudari))</name><description><![CDATA[Original: 美合PA (下り)<br/>Romaji: Miai<br/>Source: OpenStreetMap-derived japan_pois.py]]></description><Point><coordinates>137.2346404,34.9203994,0</coordinates></Point></Placemark>
<Placemark><name>尾張一宮PA (下り) (Owari-Ichinomiya PA (Kudari))</name><description><![CDATA[Original: 尾張一宮PA (下り)<br/>Romaji: Owari-Ichinomiya<br/>Source: OpenStreetMap-derived japan_pois.py]]></description><Point><coordinates>136.8540013,35.2813122,0</coordinates></Point></Placemark>
<Placemark><name>尾張一宮PA (上り) (Owari-Ichinomiya PA (Nobori))</name><description><![CDATA[Original: 尾張一宮PA (上り)<br/>Romaji: Owari-Ichinomiya<br/>Source: OpenStreetMap-derived japan_pois.py]]></description><Point><coordinates>136.8467462,35.2780294,0</coordinates></Point></Placemark>
<Placemark><name>蓮田SA (上り) (Hasuda SA (Nobori))</name><description><![CDATA[Original: 蓮田SA (上り)<br/>Romaji: Hasuda<br/>Source: OpenStreetMap-derived japan_pois.py]]></description><Point><coordinates>139.6661799,35.9780761,0</coordinates></Point></Placemark>
<Placemark><name>寒河江SA (Sagae SA)</name><description><![CDATA[Original: 寒河江SA<br/>Romaji: Sagae<br/>Source: OpenStreetMap-derived japan_pois.py]]></description><Point><coordinates>140.2594229,38.3661339,0</coordinates></Point></Placemark>
<Placemark><name>龍野西SA (上り) (Tatsuno-nishi SA (Nobori))</name><description><![CDATA[Original: 龍野西SA (上り)<br/>Romaji: Tatsuno-nishi<br/>Source: OpenStreetMap-derived japan_pois.py]]></description><Point><coordinates>134.5025506,34.8343007,0</coordinates></Point></Placemark>
<Placemark><name>龍野西SA (下り) (Tatsuno-nishi SA (Kudari))</name><description><![CDATA[Original: 龍野西SA (下り)<br/>Romaji: Tatsuno-nishi<br/>Source: OpenStreetMap-derived japan_pois.py]]></description><Point><coordinates>134.5034452,34.8320940,0</coordinates></Point></Placemark>
<Placemark><name>福山SA (下り) (Fukuyama SA (Kudari))</name><description><![CDATA[Original: 福山SA (下り)<br/>Romaji: Fukuyama<br/>Source: OpenStreetMap-derived japan_pois.py]]></description><Point><coordinates>133.3159578,34.4903658,0</coordinates></Point></Placemark>
<Placemark><name>福山SA (上り) (Fukuyama SA (Nobori))</name><description><![CDATA[Original: 福山SA (上り)<br/>Romaji: Fukuyama<br/>Source: OpenStreetMap-derived japan_pois.py]]></description><Point><coordinates>133.3139667,34.4914625,0</coordinates></Point></Placemark>
<Placemark><name>小谷SA (下り) (Otani SA (Kudari))</name><description><![CDATA[Original: 小谷SA (下り)<br/>Romaji: Otani<br/>Source: OpenStreetMap-derived japan_pois.py]]></description><Point><coordinates>132.8386621,34.4295559,0</coordinates></Point></Placemark>
<Placemark><name>小谷SA (上り) (Otani SA (Nobori))</name><description><![CDATA[Original: 小谷SA (上り)<br/>Romaji: Otani<br/>Source: OpenStreetMap-derived japan_pois.py]]></description><Point><coordinates>132.8354381,34.4320308,0</coordinates></Point></Placemark>
<Placemark><name>宮島SA (下り) (Miyajima SA (Kudari))</name><description><![CDATA[Original: 宮島SA (下り)<br/>Romaji: Miyajima<br/>Source: OpenStreetMap-derived japan_pois.py]]></description><Point><coordinates>132.3174370,34.3654670,0</coordinates></Point></Placemark>
<Placemark><name>宮島SA (上り) (Miyajima SA (Nobori))</name><description><![CDATA[Original: 宮島SA (上り)<br/>Romaji: Miyajima<br/>Source: OpenStreetMap-derived japan_pois.py]]></description><Point><coordinates>132.3161550,34.3668387,0</coordinates></Point></Placemark>
<Placemark><name>下松SA (下り) (Kudamatsu SA (Kudari))</name><description><![CDATA[Original: 下松SA (下り)<br/>Romaji: Kudamatsu<br/>Source: OpenStreetMap-derived japan_pois.py]]></description><Point><coordinates>131.9154100,34.0410499,0</coordinates></Point></Placemark>
<Placemark><name>下松SA (上り) (Kudamatsu SA (Nobori))</name><description><![CDATA[Original: 下松SA (上り)<br/>Romaji: Kudamatsu<br/>Source: OpenStreetMap-derived japan_pois.py]]></description><Point><coordinates>131.9159662,34.0425544,0</coordinates></Point></Placemark>
<Placemark><name>佐波川SA (Sabagawa SA)</name><description><![CDATA[Original: 佐波川SA<br/>Romaji: Sabagawa<br/>Source: OpenStreetMap-derived japan_pois.py]]></description><Point><coordinates>131.5103010,34.0535417,0</coordinates></Point></Placemark>
<Placemark><name>三方五湖PA (Mikata Goko PA)</name><description><![CDATA[Original: 三方五湖PA<br/>Romaji: Mikata Goko<br/>Source: OpenStreetMap-derived japan_pois.py]]></description><Point><coordinates>135.9010278,35.5614483,0</coordinates></Point></Placemark>
<Placemark><name>福原PA (上り) (Fukuhara PA (Nobori))</name><description><![CDATA[Original: 福原PA (上り)<br/>Romaji: Fukuhara<br/>Source: OpenStreetMap-derived japan_pois.py]]></description><Point><coordinates>134.3005206,35.2292930,0</coordinates></Point></Placemark>
<Placemark><name>&quot;渚の駅&quot;たてやま</name><description><![CDATA[Original: &quot;渚の駅&quot;たてやま<br/>Romaji: (not confidently available)<br/>Source: OpenStreetMap-derived japan_pois.py]]></description><Point><coordinates>139.8547331,34.9894567,0</coordinates></Point></Placemark>
<Placemark><name>道と川の駅 花ロードえにわ</name><description><![CDATA[Original: 道と川の駅 花ロードえにわ<br/>Romaji: (not confidently available)<br/>Source: OpenStreetMap-derived japan_pois.py]]></description><Point><coordinates>141.5848291,42.8973533,0</coordinates></Point></Placemark>
<Placemark><name>吉備SA (下り) (Kibi SA (Kudari))</name><description><![CDATA[Original: 吉備SA (下り)<br/>Romaji: Kibi<br/>Source: OpenStreetMap-derived japan_pois.py]]></description><Point><coordinates>133.8730007,34.6926541,0</coordinates></Point></Placemark>
<Placemark><name>吉備SA (上り) (Kibi SA (Nobori))</name><description><![CDATA[Original: 吉備SA (上り)<br/>Romaji: Kibi<br/>Source: OpenStreetMap-derived japan_pois.py]]></description><Point><coordinates>133.8713410,34.6946301,0</coordinates></Point></Placemark>
<Placemark><name>長篠設楽原PA (上り) (Nagashino-Shitara-ga-hara PA (Nobori))</name><description><![CDATA[Original: 長篠設楽原PA (上り)<br/>Romaji: Nagashino-Shitara-ga-hara<br/>Source: OpenStreetMap-derived japan_pois.py]]></description><Point><coordinates>137.5068909,34.9241016,0</coordinates></Point></Placemark>
<Placemark><name>小笠PA (上り) (Ogasa PA (Nobori))</name><description><![CDATA[Original: 小笠PA (上り)<br/>Romaji: Ogasa<br/>Source: OpenStreetMap-derived japan_pois.py]]></description><Point><coordinates>137.9964549,34.7612289,0</coordinates></Point></Placemark>
<Placemark><name>源平の里むれ</name><description><![CDATA[Original: 源平の里むれ<br/>Romaji: (not confidently available)<br/>Source: OpenStreetMap-derived japan_pois.py]]></description><Point><coordinates>134.1570395,34.3333544,0</coordinates></Point></Placemark>
<Placemark><name>阿闍羅PA (下り) (Ajara PA (Kudari))</name><description><![CDATA[Original: 阿闍羅PA (下り)<br/>Romaji: Ajara<br/>Source: OpenStreetMap-derived japan_pois.py]]></description><Point><coordinates>140.6153003,40.5094195,0</coordinates></Point></Placemark>
<Placemark><name>阿闍羅PA (上り) (Ajara PA (Nobori))</name><description><![CDATA[Original: 阿闍羅PA (上り)<br/>Romaji: Ajara<br/>Source: OpenStreetMap-derived japan_pois.py]]></description><Point><coordinates>140.6174990,40.5075068,0</coordinates></Point></Placemark>
<Placemark><name>津軽SA (上り) (Tsugaru SA (Nobori))</name><description><![CDATA[Original: 津軽SA (上り)<br/>Romaji: Tsugaru<br/>Source: OpenStreetMap-derived japan_pois.py]]></description><Point><coordinates>140.5804701,40.5655868,0</coordinates></Point></Placemark>
<Placemark><name>津軽SA (下り) (Tsugaru SA (Kudari))</name><description><![CDATA[Original: 津軽SA (下り)<br/>Romaji: Tsugaru<br/>Source: OpenStreetMap-derived japan_pois.py]]></description><Point><coordinates>140.5788776,40.5662369,0</coordinates></Point></Placemark>
<Placemark><name>高舘PA (上り) (Takadate PA (Nobori))</name><description><![CDATA[Original: 高舘PA (上り)<br/>Romaji: Takadate<br/>Source: OpenStreetMap-derived japan_pois.py]]></description><Point><coordinates>140.6245050,40.6820241,0</coordinates></Point></Placemark>
<Placemark><name>高舘PA (下り) (Takadate PA (Kudari))</name><description><![CDATA[Original: 高舘PA (下り)<br/>Romaji: Takadate<br/>Source: OpenStreetMap-derived japan_pois.py]]></description><Point><coordinates>140.6232979,40.6838052,0</coordinates></Point></Placemark>
<Placemark><name>直方PA (上り) (Nogata PA (Nobori))</name><description><![CDATA[Original: 直方PA (上り)<br/>Romaji: Nogata<br/>Source: OpenStreetMap-derived japan_pois.py]]></description><Point><coordinates>130.7042320,33.7798153,0</coordinates></Point></Placemark>
<Placemark><name>広川SA (下り) (Hirokawa SA (Kudari))</name><description><![CDATA[Original: 広川SA (下り)<br/>Romaji: Hirokawa<br/>Source: OpenStreetMap-derived japan_pois.py]]></description><Point><coordinates>130.5375476,33.2541121,0</coordinates></Point></Placemark>
<Placemark><name>広川SA (上り) (Hirokawa SA (Nobori))</name><description><![CDATA[Original: 広川SA (上り)<br/>Romaji: Hirokawa<br/>Source: OpenStreetMap-derived japan_pois.py]]></description><Point><coordinates>130.5353366,33.2528840,0</coordinates></Point></Placemark>
<Placemark><name>金立SA (下り) (Kinryu SA (Kudari))</name><description><![CDATA[Original: 金立SA (下り)<br/>Romaji: Kinryu<br/>Source: OpenStreetMap-derived japan_pois.py]]></description><Point><coordinates>130.3117677,33.3284072,0</coordinates></Point></Placemark>
<Placemark><name>笠間PA (Kasama PA)</name><description><![CDATA[Original: 笠間PA<br/>Romaji: Kasama<br/>Source: OpenStreetMap-derived japan_pois.py]]></description><Point><coordinates>140.2542217,36.3444605,0</coordinates></Point></Placemark>
<Placemark><name>田野PA (下り) (Tano PA (Kudari))</name><description><![CDATA[Original: 田野PA (下り)<br/>Romaji: Tano<br/>Source: OpenStreetMap-derived japan_pois.py]]></description><Point><coordinates>140.4027783,36.4098032,0</coordinates></Point></Placemark>
<Placemark><name>田野PA (上り) (Tano PA (Nobori))</name><description><![CDATA[Original: 田野PA (上り)<br/>Romaji: Tano<br/>Source: OpenStreetMap-derived japan_pois.py]]></description><Point><coordinates>140.4041420,36.4095783,0</coordinates></Point></Placemark>
<Placemark><name>友部SA (上り) (Tomobe SA (Nobori))</name><description><![CDATA[Original: 友部SA (上り)<br/>Romaji: Tomobe<br/>Source: OpenStreetMap-derived japan_pois.py]]></description><Point><coordinates>140.3426095,36.3093396,0</coordinates></Point></Placemark>
<Placemark><name>大府PA (上り) (Obu PA (Nobori))</name><description><![CDATA[Original: 大府PA (上り)<br/>Romaji: Obu<br/>Source: OpenStreetMap-derived japan_pois.py]]></description><Point><coordinates>136.9322237,35.0307493,0</coordinates></Point></Placemark>
<Placemark><name>東海PA (上り) (Tokai PA (Nobori))</name><description><![CDATA[Original: 東海PA (上り)<br/>Romaji: Tokai<br/>Source: OpenStreetMap-derived japan_pois.py]]></description><Point><coordinates>140.5509612,36.4843408,0</coordinates></Point></Placemark>
<Placemark><name>海の駅あやはしかん</name><description><![CDATA[Original: 海の駅あやはしかん<br/>Romaji: (not confidently available)<br/>Source: OpenStreetMap-derived japan_pois.py]]></description><Point><coordinates>127.9289593,26.3321115,0</coordinates></Point></Placemark>
<Placemark><name>船川原PA(下り) (Funakawara PA (Kudari))</name><description><![CDATA[Original: 船川原ＰＡ（下り）<br/>Romaji: Funakawara<br/>Source: OpenStreetMap-derived japan_pois.py]]></description><Point><coordinates>141.7040651,39.0283941,0</coordinates></Point></Placemark>
<Placemark><name>矢本PA (下り) (Yamoto PA (Kudari))</name><description><![CDATA[Original: 矢本PA (下り)<br/>Romaji: Yamoto<br/>Source: OpenStreetMap-derived japan_pois.py]]></description><Point><coordinates>141.1823939,38.4258625,0</coordinates></Point></Placemark>
<Placemark><name>矢本PA (上り) (Yamoto PA (Nobori))</name><description><![CDATA[Original: 矢本PA (上り)<br/>Romaji: Yamoto<br/>Source: OpenStreetMap-derived japan_pois.py]]></description><Point><coordinates>141.1821770,38.4251646,0</coordinates></Point></Placemark>
<Placemark><name>太田強戸PA (Ota-Godo PA)</name><description><![CDATA[Original: 太田強戸PA<br/>Romaji: Ota-Godo<br/>Source: OpenStreetMap-derived japan_pois.py]]></description><Point><coordinates>139.3484782,36.3403055,0</coordinates></Point></Placemark>
<Placemark><name>明石PA (Akashi PA)</name><description><![CDATA[Original: 明石ＰＡ<br/>Romaji: Akashi<br/>Source: OpenStreetMap-derived japan_pois.py]]></description><Point><coordinates>131.3214493,34.3886333,0</coordinates></Point></Placemark>
<Placemark><name>川の駅 上野</name><description><![CDATA[Original: 川の駅 上野<br/>Romaji: (not confidently available)<br/>Source: OpenStreetMap-derived japan_pois.py]]></description><Point><coordinates>138.7252342,36.0876524,0</coordinates></Point></Placemark>
<Placemark><name>上田 道と川の駅</name><description><![CDATA[Original: 上田 道と川の駅<br/>Romaji: (not confidently available)<br/>Source: OpenStreetMap-derived japan_pois.py]]></description><Point><coordinates>138.2048599,36.4070025,0</coordinates></Point></Placemark>
<Placemark><name>夢咲茶屋</name><description><![CDATA[Original: 夢咲茶屋<br/>Romaji: (not confidently available)<br/>Source: OpenStreetMap-derived japan_pois.py]]></description><Point><coordinates>131.7399922,33.5443991,0</coordinates></Point></Placemark>
<Placemark><name>勝央SA (下り) (Shoo SA (Kudari))</name><description><![CDATA[Original: 勝央SA (下り)<br/>Romaji: Shoo<br/>Source: OpenStreetMap-derived japan_pois.py]]></description><Point><coordinates>134.1057452,35.0435813,0</coordinates></Point></Placemark>
<Placemark><name>豊富PA (上り) (Toyotomi PA (Nobori))</name><description><![CDATA[Original: 豊富PA (上り)<br/>Romaji: Toyotomi<br/>Source: OpenStreetMap-derived japan_pois.py]]></description><Point><coordinates>134.7419763,34.8612090,0</coordinates></Point></Placemark>
<Placemark><name>豊富PA (下り) (Toyotomi PA (Kudari))</name><description><![CDATA[Original: 豊富PA (下り)<br/>Romaji: Toyotomi<br/>Source: OpenStreetMap-derived japan_pois.py]]></description><Point><coordinates>134.7377427,34.8571190,0</coordinates></Point></Placemark>
<Placemark><name>朝来SA (上り) (Asago SA (Nobori))</name><description><![CDATA[Original: 朝来SA (上り)<br/>Romaji: Asago<br/>Source: OpenStreetMap-derived japan_pois.py]]></description><Point><coordinates>134.7942853,35.2126861,0</coordinates></Point></Placemark>
<Placemark><name>和田山PA (上り) (Wadayama PA (Nobori))</name><description><![CDATA[Original: 和田山PA (上り)<br/>Romaji: Wadayama<br/>Source: OpenStreetMap-derived japan_pois.py]]></description><Point><coordinates>134.8255532,35.2942753,0</coordinates></Point></Placemark>
<Placemark><name>相原PA (下り) (Aihara PA (Kudari))</name><description><![CDATA[Original: 相原PA (下り)<br/>Romaji: Aihara<br/>Source: OpenStreetMap-derived japan_pois.py]]></description><Point><coordinates>131.5655545,33.3984141,0</coordinates></Point></Placemark>
<Placemark><name>遠州森町PA (上り) (Enshu-Morimachi PA (Nobori))</name><description><![CDATA[Original: 遠州森町PA (上り)<br/>Romaji: Enshu-Morimachi<br/>Source: OpenStreetMap-derived japan_pois.py]]></description><Point><coordinates>137.9064229,34.8267827,0</coordinates></Point></Placemark>
<Placemark><name>遠州森町PA (下り) (Enshu-Morimachi PA (Kudari))</name><description><![CDATA[Original: 遠州森町PA (下り)<br/>Romaji: Enshu-Morimachi<br/>Source: OpenStreetMap-derived japan_pois.py]]></description><Point><coordinates>137.9051312,34.8240962,0</coordinates></Point></Placemark>
<Placemark><name>紀北PA (Kihoku PA)</name><description><![CDATA[Original: 紀北PA<br/>Romaji: Kihoku<br/>Source: OpenStreetMap-derived japan_pois.py]]></description><Point><coordinates>136.2733152,34.1693819,0</coordinates></Point></Placemark>
<Placemark><name>吹田SA (上り) (Suita SA (Nobori))</name><description><![CDATA[Original: 吹田SA (上り)<br/>Romaji: Suita<br/>Source: OpenStreetMap-derived japan_pois.py]]></description><Point><coordinates>135.5259957,34.7832557,0</coordinates></Point></Placemark>
<Placemark><name>吹田SA (下り) (Suita SA (Kudari))</name><description><![CDATA[Original: 吹田SA (下り)<br/>Romaji: Suita<br/>Source: OpenStreetMap-derived japan_pois.py]]></description><Point><coordinates>135.5272789,34.7824019,0</coordinates></Point></Placemark>
<Placemark><name>草津PA (上り) (Kusatsu PA (Nobori))</name><description><![CDATA[Original: 草津PA (上り)<br/>Romaji: Kusatsu<br/>Source: OpenStreetMap-derived japan_pois.py]]></description><Point><coordinates>135.9440618,34.9758554,0</coordinates></Point></Placemark>
<Placemark><name>能勢(くりの郷)</name><description><![CDATA[Original: 能勢（くりの郷）<br/>Romaji: (not confidently available)<br/>Source: OpenStreetMap-derived japan_pois.py]]></description><Point><coordinates>135.4012603,34.9565706,0</coordinates></Point></Placemark>
<Placemark><name>鞍ヶ池PA (内回り) (Kuragaike PA (Uchimawari))</name><description><![CDATA[Original: 鞍ヶ池PA (内回り)<br/>Romaji: Kuragaike<br/>Source: OpenStreetMap-derived japan_pois.py]]></description><Point><coordinates>137.2221706,35.0956645,0</coordinates></Point></Placemark>
<Placemark><name>川の駅 常清</name><description><![CDATA[Original: 川の駅 常清<br/>Romaji: (not confidently available)<br/>Source: OpenStreetMap-derived japan_pois.py]]></description><Point><coordinates>132.7063627,34.8674307,0</coordinates></Point></Placemark>
<Placemark><name>中城PA (上り) (Nakagusuku PA (Nobori))</name><description><![CDATA[Original: 中城PA (上り)<br/>Romaji: Nakagusuku<br/>Source: OpenStreetMap-derived japan_pois.py]]></description><Point><coordinates>127.7803815,26.2747644,0</coordinates></Point></Placemark>
<Placemark><name>中城PA (下り) (Nakagusuku PA (Kudari))</name><description><![CDATA[Original: 中城PA (下り)<br/>Romaji: Nakagusuku<br/>Source: OpenStreetMap-derived japan_pois.py]]></description><Point><coordinates>127.7809837,26.2767920,0</coordinates></Point></Placemark>
<Placemark><name>高萩PA (Takahagi PA)</name><description><![CDATA[Original: 高萩PA<br/>Romaji: Takahagi<br/>Source: OpenStreetMap-derived japan_pois.py]]></description><Point><coordinates>140.5341383,35.8056483,0</coordinates></Point></Placemark>
<Placemark><name>ドライブイン頼成山</name><description><![CDATA[Original: ドライブイン頼成山<br/>Romaji: (not confidently available)<br/>Source: OpenStreetMap-derived japan_pois.py]]></description><Point><coordinates>137.0451211,36.6387669,0</coordinates></Point></Placemark>
<Placemark><name>白滝PA (Shirataki PA)</name><description><![CDATA[Original: 白滝PA<br/>Romaji: Shirataki<br/>Source: OpenStreetMap-derived japan_pois.py]]></description><Point><coordinates>143.0757874,43.8699479,0</coordinates></Point></Placemark>
<Placemark><name>カントリープラザ (kantoripuraza)</name><description><![CDATA[Original: カントリープラザ<br/>Romaji: kantoripuraza<br/>Source: OpenStreetMap-derived japan_pois.py]]></description><Point><coordinates>143.1268245,42.6922664,0</coordinates></Point></Placemark>
<Placemark><name>南熱海中継ポンプ場</name><description><![CDATA[Original: 南熱海中継ポンプ場<br/>Romaji: (not confidently available)<br/>Source: OpenStreetMap-derived japan_pois.py]]></description><Point><coordinates>139.0707309,35.0587844,0</coordinates></Point></Placemark>
<Placemark><name>かつらぎ西PA (下り) (Katsuragi-nishi PA (Kudari))</name><description><![CDATA[Original: かつらぎ西PA (下り)<br/>Romaji: Katsuragi-nishi<br/>Source: OpenStreetMap-derived japan_pois.py]]></description><Point><coordinates>135.4740072,34.2965497,0</coordinates></Point></Placemark>
<Placemark><name>宝塚北SA (Takarazuka-kita SA)</name><description><![CDATA[Original: 宝塚北SA<br/>Romaji: Takarazuka-kita<br/>Source: OpenStreetMap-derived japan_pois.py]]></description><Point><coordinates>135.3025494,34.8675551,0</coordinates></Point></Placemark>
<Placemark><name>上浦幌PA(下り) (Kamiurahoro PA (Kudari))</name><description><![CDATA[Original: 上浦幌ＰＡ（下り）<br/>Romaji: Kamiurahoro<br/>Source: OpenStreetMap-derived japan_pois.py]]></description><Point><coordinates>143.6376652,43.1159142,0</coordinates></Point></Placemark>
<Placemark><name>上浦幌PA(上り) (Kamiurahoro PA (Nobori))</name><description><![CDATA[Original: 上浦幌ＰＡ（上り）<br/>Romaji: Kamiurahoro<br/>Source: OpenStreetMap-derived japan_pois.py]]></description><Point><coordinates>143.6378061,43.1148964,0</coordinates></Point></Placemark>
<Placemark><name>ドライブステーション舞乃市</name><description><![CDATA[Original: ドライブステーション舞乃市<br/>Romaji: (not confidently available)<br/>Source: OpenStreetMap-derived japan_pois.py]]></description><Point><coordinates>132.3001935,35.0454351,0</coordinates></Point></Placemark>
<Placemark><name>川の駅よこた</name><description><![CDATA[Original: 川の駅よこた<br/>Romaji: (not confidently available)<br/>Source: OpenStreetMap-derived japan_pois.py]]></description><Point><coordinates>141.5795624,39.0759815,0</coordinates></Point></Placemark>
<Placemark><name>用瀬PA (Mochigase PA)</name><description><![CDATA[Original: 用瀬PA<br/>Romaji: Mochigase<br/>Source: OpenStreetMap-derived japan_pois.py]]></description><Point><coordinates>134.1965880,35.3547260,0</coordinates></Point></Placemark>
<Placemark><name>浅間六里ヶ原休憩所</name><description><![CDATA[Original: 浅間六里ヶ原休憩所<br/>Romaji: (not confidently available)<br/>Source: OpenStreetMap-derived japan_pois.py]]></description><Point><coordinates>138.5594674,36.4268813,0</coordinates></Point></Placemark>
<Placemark><name>六旬館</name><description><![CDATA[Original: 六旬館<br/>Romaji: (not confidently available)<br/>Source: OpenStreetMap-derived japan_pois.py]]></description><Point><coordinates>141.3396713,40.9198806,0</coordinates></Point></Placemark>
<Placemark><name>今川PA (下り) (Imagawa PA (Kudari))</name><description><![CDATA[Original: 今川PA (下り)<br/>Romaji: Imagawa<br/>Source: OpenStreetMap-derived japan_pois.py]]></description><Point><coordinates>130.9599710,33.7057322,0</coordinates></Point></Placemark>
<Placemark><name>今川PA (上り) (Imagawa PA (Nobori))</name><description><![CDATA[Original: 今川PA (上り)<br/>Romaji: Imagawa<br/>Source: OpenStreetMap-derived japan_pois.py]]></description><Point><coordinates>130.9587923,33.7041646,0</coordinates></Point></Placemark>
<Placemark><name>めかりPA (上り) (Mekari PA (Nobori))</name><description><![CDATA[Original: めかりPA (上り)<br/>Romaji: Mekari<br/>Source: OpenStreetMap-derived japan_pois.py]]></description><Point><coordinates>130.9635450,33.9583445,0</coordinates></Point></Placemark>
<Placemark><name>市川SA (下り) (Ichikawa SA (Kudari))</name><description><![CDATA[Original: 市川SA (下り)<br/>Romaji: Ichikawa<br/>Source: OpenStreetMap-derived japan_pois.py]]></description><Point><coordinates>134.7661073,35.0244623,0</coordinates></Point></Placemark>
<Placemark><name>市川SA (上り) (Ichikawa SA (Nobori))</name><description><![CDATA[Original: 市川SA (上り)<br/>Romaji: Ichikawa<br/>Source: OpenStreetMap-derived japan_pois.py]]></description><Point><coordinates>134.7666874,35.0251406,0</coordinates></Point></Placemark>
<Placemark><name>朝来SA (下り) (Asago SA (Kudari))</name><description><![CDATA[Original: 朝来SA (下り)<br/>Romaji: Asago<br/>Source: OpenStreetMap-derived japan_pois.py]]></description><Point><coordinates>134.7934715,35.2126616,0</coordinates></Point></Placemark>
<Placemark><name>寄り道パーキング 若山の庄</name><description><![CDATA[Original: 寄り道パーキング 若山の庄<br/>Romaji: (not confidently available)<br/>Source: OpenStreetMap-derived japan_pois.py]]></description><Point><coordinates>137.2219598,37.4604480,0</coordinates></Point></Placemark>
<Placemark><name>あいとうマーガレットステーション (aitoumagarettosuteshon)</name><description><![CDATA[Original: あいとうマーガレットステーション<br/>Romaji: aitoumagarettosuteshon<br/>Source: OpenStreetMap-derived japan_pois.py]]></description><Point><coordinates>136.2581900,35.1097450,0</coordinates></Point></Placemark>
<Placemark><name>那岐山麓 山の駅</name><description><![CDATA[Original: 那岐山麓 山の駅<br/>Romaji: (not confidently available)<br/>Source: OpenStreetMap-derived japan_pois.py]]></description><Point><coordinates>134.1906098,35.1443402,0</coordinates></Point></Placemark>
<Placemark><name>荒川PA (上り) (Arakawa PA (Nobori))</name><description><![CDATA[Original: 荒川PA (上り)<br/>Romaji: Arakawa<br/>Source: OpenStreetMap-derived japan_pois.py]]></description><Point><coordinates>139.4239814,38.1386653,0</coordinates></Point></Placemark>
<Placemark><name>矢引PA (下り) (Yabiki PA (Kudari))</name><description><![CDATA[Original: 矢引PA (下り)<br/>Romaji: Yabiki<br/>Source: OpenStreetMap-derived japan_pois.py]]></description><Point><coordinates>139.7190987,38.7023246,0</coordinates></Point></Placemark>
<Placemark><name>川登SA (上り) (Kawanobori SA (Nobori))</name><description><![CDATA[Original: 川登SA (上り)<br/>Romaji: Kawanobori<br/>Source: OpenStreetMap-derived japan_pois.py]]></description><Point><coordinates>130.0172523,33.1610005,0</coordinates></Point></Placemark>
<Placemark><name>駒門PA (下り) (Komakado PA (Kudari))</name><description><![CDATA[Original: 駒門PA (下り)<br/>Romaji: Komakado<br/>Source: OpenStreetMap-derived japan_pois.py]]></description><Point><coordinates>138.9094344,35.2390661,0</coordinates></Point></Placemark>
<Placemark><name>大津SA (下り) (Otsu SA (Kudari))</name><description><![CDATA[Original: 大津SA (下り)<br/>Romaji: Otsu<br/>Source: OpenStreetMap-derived japan_pois.py]]></description><Point><coordinates>135.8691476,34.9959400,0</coordinates></Point></Placemark>
<Placemark><name>駿河湾沼津SA (下り) (Surugawan-Numazu SA (Kudari))</name><description><![CDATA[Original: 駿河湾沼津SA (下り)<br/>Romaji: Surugawan-Numazu<br/>Source: OpenStreetMap-derived japan_pois.py]]></description><Point><coordinates>138.8112145,35.1520441,0</coordinates></Point></Placemark>
<Placemark><name>駿河湾沼津SA (上り) (Surugawan-Numazu SA (Nobori))</name><description><![CDATA[Original: 駿河湾沼津SA (上り)<br/>Romaji: Surugawan-Numazu<br/>Source: OpenStreetMap-derived japan_pois.py]]></description><Point><coordinates>138.8071195,35.1546206,0</coordinates></Point></Placemark>
<Placemark><name>藤枝PA (上り) (Fujieda PA (Nobori))</name><description><![CDATA[Original: 藤枝PA (上り)<br/>Romaji: Fujieda<br/>Source: OpenStreetMap-derived japan_pois.py]]></description><Point><coordinates>138.2439025,34.9016680,0</coordinates></Point></Placemark>
<Placemark><name>藤枝PA (下り) (Fujieda PA (Kudari))</name><description><![CDATA[Original: 藤枝PA (下り)<br/>Romaji: Fujieda<br/>Source: OpenStreetMap-derived japan_pois.py]]></description><Point><coordinates>138.2335109,34.8924366,0</coordinates></Point></Placemark>
<Placemark><name>浜松SA (上り) (Hamamatsu SA (Nobori))</name><description><![CDATA[Original: 浜松SA (上り)<br/>Romaji: Hamamatsu<br/>Source: OpenStreetMap-derived japan_pois.py]]></description><Point><coordinates>137.7514610,34.8427451,0</coordinates></Point></Placemark>
<Placemark><name>浜松SA (下り) (Hamamatsu SA (Kudari))</name><description><![CDATA[Original: 浜松SA (下り)<br/>Romaji: Hamamatsu<br/>Source: OpenStreetMap-derived japan_pois.py]]></description><Point><coordinates>137.7476416,34.8409650,0</coordinates></Point></Placemark>
<Placemark><name>川島PA (上り) (Kawashima PA (Nobori))</name><description><![CDATA[Original: 川島PA (上り)<br/>Romaji: Kawashima<br/>Source: OpenStreetMap-derived japan_pois.py]]></description><Point><coordinates>136.8118136,35.3699072,0</coordinates></Point></Placemark>
<Placemark><name>川島PA (下り) (Kawashima PA (Kudari))</name><description><![CDATA[Original: 川島PA (下り)<br/>Romaji: Kawashima<br/>Source: OpenStreetMap-derived japan_pois.py]]></description><Point><coordinates>136.8079789,35.3702550,0</coordinates></Point></Placemark>
<Placemark><name>上毛PA (上り) (Kamimo PA (Nobori))</name><description><![CDATA[Original: 上毛PA (上り)<br/>Romaji: Kamimo<br/>Source: OpenStreetMap-derived japan_pois.py]]></description><Point><coordinates>131.1691837,33.5611901,0</coordinates></Point></Placemark>
<Placemark><name>上毛PA (下り) (Kamimo PA (Kudari))</name><description><![CDATA[Original: 上毛PA (下り)<br/>Romaji: Kamimo<br/>Source: OpenStreetMap-derived japan_pois.py]]></description><Point><coordinates>131.1705812,33.5613924,0</coordinates></Point></Placemark>
<Placemark><name>松茂PA (上り) (Matsushige PA (Nobori))</name><description><![CDATA[Original: 松茂PA (上り)<br/>Romaji: Matsushige<br/>Source: OpenStreetMap-derived japan_pois.py]]></description><Point><coordinates>134.5639055,34.1438089,0</coordinates></Point></Placemark>
<Placemark><name>松茂PA (下り) (Matsushige PA (Kudari))</name><description><![CDATA[Original: 松茂PA (下り)<br/>Romaji: Matsushige<br/>Source: OpenStreetMap-derived japan_pois.py]]></description><Point><coordinates>134.5650172,34.1439375,0</coordinates></Point></Placemark>
<Placemark><name>京丹波PA (Kyotamba PA)</name><description><![CDATA[Original: 京丹波PA<br/>Romaji: Kyotamba<br/>Source: OpenStreetMap-derived japan_pois.py]]></description><Point><coordinates>135.4150223,35.1563589,0</coordinates></Point></Placemark>
<Placemark><name>明石SA (Akashi SA)</name><description><![CDATA[Original: 明石SA<br/>Romaji: Akashi<br/>Source: OpenStreetMap-derived japan_pois.py]]></description><Point><coordinates>134.9576814,34.7046341,0</coordinates></Point></Placemark>
<Placemark><name>坂PA (上り) (Saka PA (Nobori))</name><description><![CDATA[Original: 坂PA (上り)<br/>Romaji: Saka<br/>Source: OpenStreetMap-derived japan_pois.py]]></description><Point><coordinates>132.4975625,34.3404600,0</coordinates></Point></Placemark>
<Placemark><name>南芦屋浜PA (下り) (Minami-Ashiyahama PA (Kudari))</name><description><![CDATA[Original: 南芦屋浜PA (下り)<br/>Romaji: Minami-Ashiyahama<br/>Source: OpenStreetMap-derived japan_pois.py]]></description><Point><coordinates>135.3219279,34.7153125,0</coordinates></Point></Placemark>
<Placemark><name>森小路ミニPA (上り) (Morishoji Mini PA (Nobori))</name><description><![CDATA[Original: 森小路ミニPA (上り)<br/>Romaji: Morishoji Mini<br/>Source: OpenStreetMap-derived japan_pois.py]]></description><Point><coordinates>135.5525528,34.7171348,0</coordinates></Point></Placemark>
<Placemark><name>温品PA (下り) (Nuqushina PA (Kudari))</name><description><![CDATA[Original: 温品PA (下り)<br/>Romaji: Nuqushina<br/>Source: OpenStreetMap-derived japan_pois.py]]></description><Point><coordinates>132.5203366,34.4213001,0</coordinates></Point></Placemark>
<Placemark><name>富野PA (上り) (Tomino PA (Nobori))</name><description><![CDATA[Original: 富野PA (上り)<br/>Romaji: Tomino<br/>Source: OpenStreetMap-derived japan_pois.py]]></description><Point><coordinates>130.9133839,33.8881872,0</coordinates></Point></Placemark>
<Placemark><name>かつらぎ西PA (上り) (Katsuragi-nishi PA (Nobori))</name><description><![CDATA[Original: かつらぎ西PA (上り)<br/>Romaji: Katsuragi-nishi<br/>Source: OpenStreetMap-derived japan_pois.py]]></description><Point><coordinates>135.4737253,34.2974359,0</coordinates></Point></Placemark>
<Placemark><name>氷上PA (下り) (Hikami PA (Kudari))</name><description><![CDATA[Original: 氷上PA (下り)<br/>Romaji: Hikami<br/>Source: OpenStreetMap-derived japan_pois.py]]></description><Point><coordinates>135.0468315,35.1608834,0</coordinates></Point></Placemark>
<Placemark><name>伊賀上野PA (下り) (Iga-Ueno PA (Kudari))</name><description><![CDATA[Original: 伊賀上野PA (下り)<br/>Romaji: Iga-Ueno<br/>Source: OpenStreetMap-derived japan_pois.py]]></description><Point><coordinates>136.0946965,34.7282404,0</coordinates></Point></Placemark>
<Placemark><name>伊賀SA (上り) (Iga SA (Nobori))</name><description><![CDATA[Original: 伊賀SA (上り)<br/>Romaji: Iga<br/>Source: OpenStreetMap-derived japan_pois.py]]></description><Point><coordinates>136.2497555,34.8372331,0</coordinates></Point></Placemark>
<Placemark><name>Road Station</name><description><![CDATA[Original: Road Station<br/>Romaji: (not confidently available)<br/>Source: OpenStreetMap-derived japan_pois.py]]></description><Point><coordinates>137.8775713,36.2935032,0</coordinates></Point></Placemark>
<Placemark><name>クックラひるがの (kukkurahirugano)</name><description><![CDATA[Original: クックラひるがの<br/>Romaji: kukkurahirugano<br/>Source: OpenStreetMap-derived japan_pois.py]]></description><Point><coordinates>136.9112421,35.9866961,0</coordinates></Point></Placemark>
<Placemark><name>ドライブインみぼろ湖</name><description><![CDATA[Original: ドライブインみぼろ湖<br/>Romaji: (not confidently available)<br/>Source: OpenStreetMap-derived japan_pois.py]]></description><Point><coordinates>136.9463601,36.0788906,0</coordinates></Point></Placemark>
<Placemark><name>鳴神の庄</name><description><![CDATA[Original: 鳴神の庄<br/>Romaji: (not confidently available)<br/>Source: OpenStreetMap-derived japan_pois.py]]></description><Point><coordinates>130.1182349,33.4443097,0</coordinates></Point></Placemark>
<Placemark><name>内津峠 簡易PA (下り) (Utsutsu-toge Kan-i PA (Kudari))</name><description><![CDATA[Original: 内津峠 簡易PA (下り)<br/>Romaji: Utsutsu-toge Kan-i<br/>Source: OpenStreetMap-derived japan_pois.py]]></description><Point><coordinates>137.0575431,35.3253301,0</coordinates></Point></Placemark>
<Placemark><name>内津峠 簡易PA (上り) (Utsutsu-toge Kan-i PA (Nobori))</name><description><![CDATA[Original: 内津峠 簡易PA (上り)<br/>Romaji: Utsutsu-toge Kan-i<br/>Source: OpenStreetMap-derived japan_pois.py]]></description><Point><coordinates>137.0572402,35.3259046,0</coordinates></Point></Placemark>
<Placemark><name>いいやまぶなの駅</name><description><![CDATA[Original: いいやまぶなの駅<br/>Romaji: (not confidently available)<br/>Source: OpenStreetMap-derived japan_pois.py]]></description><Point><coordinates>138.3568477,36.8331622,0</coordinates></Point></Placemark>
<Placemark><name>里の駅 こっとん村</name><description><![CDATA[Original: 里の駅 こっとん村<br/>Romaji: (not confidently available)<br/>Source: OpenStreetMap-derived japan_pois.py]]></description><Point><coordinates>131.5692803,33.5643746,0</coordinates></Point></Placemark>
<Placemark><name>山形PA (下り) (Yamagata PA (Kudari))</name><description><![CDATA[Original: 山形PA (下り)<br/>Romaji: Yamagata<br/>Source: OpenStreetMap-derived japan_pois.py]]></description><Point><coordinates>140.2788943,38.2467312,0</coordinates></Point></Placemark>
<Placemark><name>山形PA (上り) (Yamagata PA (Nobori))</name><description><![CDATA[Original: 山形PA (上り)<br/>Romaji: Yamagata<br/>Source: OpenStreetMap-derived japan_pois.py]]></description><Point><coordinates>140.2790556,38.2456734,0</coordinates></Point></Placemark>
<Placemark><name>佐野SA (上り) (Sano SA (Nobori))</name><description><![CDATA[Original: 佐野SA (上り)<br/>Romaji: Sano<br/>Source: OpenStreetMap-derived japan_pois.py]]></description><Point><coordinates>139.6180420,36.3182281,0</coordinates></Point></Placemark>
<Placemark><name>佐野SA (下り) (Sano SA (Kudari))</name><description><![CDATA[Original: 佐野SA (下り)<br/>Romaji: Sano<br/>Source: OpenStreetMap-derived japan_pois.py]]></description><Point><coordinates>139.6191193,36.3171073,0</coordinates></Point></Placemark>
<Placemark><name>花の道けせんぬま</name><description><![CDATA[Original: 花の道けせんぬま<br/>Romaji: (not confidently available)<br/>Source: OpenStreetMap-derived japan_pois.py]]></description><Point><coordinates>141.5753700,38.8741450,0</coordinates></Point></Placemark>
<Placemark><name>ダムの茶屋</name><description><![CDATA[Original: ダムの茶屋<br/>Romaji: (not confidently available)<br/>Source: OpenStreetMap-derived japan_pois.py]]></description><Point><coordinates>140.6274872,39.0546628,0</coordinates></Point></Placemark>
<Placemark><name>小布施PA(ハイウェイオアシス) (Obuse PA)</name><description><![CDATA[Original: 小布施ＰＡ（ハイウェイオアシス）<br/>Romaji: (not confidently available)<br/>Source: OpenStreetMap-derived japan_pois.py]]></description><Point><coordinates>138.2932504,36.6882683,0</coordinates></Point></Placemark>
<Placemark><name>別府湾SA (Beppuwan SA)</name><description><![CDATA[Original: 別府湾SA<br/>Romaji: Beppuwan<br/>Source: OpenStreetMap-derived japan_pois.py]]></description><Point><coordinates>131.4640544,33.3361220,0</coordinates></Point></Placemark>
<Placemark><name>新倉PA (Niikura PA)</name><description><![CDATA[Original: 新倉PA<br/>Romaji: Niikura<br/>Source: OpenStreetMap-derived japan_pois.py]]></description><Point><coordinates>139.6193293,35.8008071,0</coordinates></Point></Placemark>
<Placemark><name>ドライブイン本郷</name><description><![CDATA[Original: ドライブイン本郷<br/>Romaji: (not confidently available)<br/>Source: OpenStreetMap-derived japan_pois.py]]></description><Point><coordinates>141.8697644,42.7322780,0</coordinates></Point></Placemark>
<Placemark><name>Exchange Service Center</name><description><![CDATA[Original: Exchange Service Center<br/>Romaji: (not confidently available)<br/>Source: OpenStreetMap-derived japan_pois.py]]></description><Point><coordinates>127.7876749,26.3549368,0</coordinates></Point></Placemark>
<Placemark><name>今泉PA (下り) (Imaizumi PA (Kudari))</name><description><![CDATA[Original: 今泉PA (下り)<br/>Romaji: Imaizumi<br/>Source: OpenStreetMap-derived japan_pois.py]]></description><Point><coordinates>140.4225660,35.5043417,0</coordinates></Point></Placemark>
<Placemark><name>福俵PA (Fukutawara PA)</name><description><![CDATA[Original: 福俵PA<br/>Romaji: Fukutawara<br/>Source: OpenStreetMap-derived japan_pois.py]]></description><Point><coordinates>140.3641033,35.5384944,0</coordinates></Point></Placemark>
<Placemark><name>阿久比パーキングエリア</name><description><![CDATA[Original: 阿久比パーキングエリア<br/>Romaji: Agui<br/>Source: OpenStreetMap-derived japan_pois.py]]></description><Point><coordinates>136.9031169,34.9345978,0</coordinates></Point></Placemark>
<Placemark><name>かまえインターパーク 海べの市</name><description><![CDATA[Original: かまえインターパーク 海べの市<br/>Romaji: (not confidently available)<br/>Source: OpenStreetMap-derived japan_pois.py]]></description><Point><coordinates>131.8933401,32.8057178,0</coordinates></Point></Placemark>
<Placemark><name>ほたるの里　梵天の湯</name><description><![CDATA[Original: ほたるの里　梵天の湯<br/>Romaji: (not confidently available)<br/>Source: OpenStreetMap-derived japan_pois.py]]></description><Point><coordinates>139.9051662,36.6855884,0</coordinates></Point></Placemark>
<Placemark><name>上河内健康館</name><description><![CDATA[Original: 上河内健康館<br/>Romaji: (not confidently available)<br/>Source: OpenStreetMap-derived japan_pois.py]]></description><Point><coordinates>139.9060184,36.6846603,0</coordinates></Point></Placemark>
<Placemark><name>上河内図書館</name><description><![CDATA[Original: 上河内図書館<br/>Romaji: (not confidently available)<br/>Source: OpenStreetMap-derived japan_pois.py]]></description><Point><coordinates>139.9012073,36.6823190,0</coordinates></Point></Placemark>
<Placemark><name>増穂PA (上り) (Masuho PA (Nobori))</name><description><![CDATA[Original: 増穂PA (上り)<br/>Romaji: Masuho<br/>Source: OpenStreetMap-derived japan_pois.py]]></description><Point><coordinates>138.4734437,35.5624393,0</coordinates></Point></Placemark>
<Placemark><name>春日PA (上り) (Kasuga PA (Nobori))</name><description><![CDATA[Original: 春日PA (上り)<br/>Romaji: Kasuga<br/>Source: OpenStreetMap-derived japan_pois.py]]></description><Point><coordinates>141.0088347,38.3480639,0</coordinates></Point></Placemark>
<Placemark><name>泉大津PA (上り) (Izumiotsu PA (Nobori))</name><description><![CDATA[Original: 泉大津PA (上り)<br/>Romaji: Izumiotsu<br/>Source: OpenStreetMap-derived japan_pois.py]]></description><Point><coordinates>135.3956597,34.5086476,0</coordinates></Point></Placemark>
<Placemark><name>泉大津PA (下り) (Izumiotsu PA (Kudari))</name><description><![CDATA[Original: 泉大津PA (下り)<br/>Romaji: Izumiotsu<br/>Source: OpenStreetMap-derived japan_pois.py]]></description><Point><coordinates>135.3960256,34.5076746,0</coordinates></Point></Placemark>
<Placemark><name>吉備湯浅PA (上り) (Kibi-Yuasa PA (Nobori))</name><description><![CDATA[Original: 吉備湯浅PA (上り)<br/>Romaji: Kibi-Yuasa<br/>Source: OpenStreetMap-derived japan_pois.py]]></description><Point><coordinates>135.2007711,34.0371386,0</coordinates></Point></Placemark>
<Placemark><name>伊芸SA (下り) (Igei SA (Kudari))</name><description><![CDATA[Original: 伊芸SA (下り)<br/>Romaji: Igei<br/>Source: OpenStreetMap-derived japan_pois.py]]></description><Point><coordinates>127.8708792,26.4608132,0</coordinates></Point></Placemark>
<Placemark><name>本巣PA (Motosu PA)</name><description><![CDATA[Original: 本巣PA<br/>Romaji: Motosu<br/>Source: OpenStreetMap-derived japan_pois.py]]></description><Point><coordinates>136.6615539,35.4570344,0</coordinates></Point></Placemark>
<Placemark><name>足柄SA (下り) (Ashigara SA (Kudari))</name><description><![CDATA[Original: 足柄SA (下り)<br/>Romaji: Ashigara<br/>Source: OpenStreetMap-derived japan_pois.py]]></description><Point><coordinates>138.9675005,35.3131298,0</coordinates></Point></Placemark>
<Placemark><name>泉大津大型専用PA (Izumiotsu Large Vehicles Only PA)</name><description><![CDATA[Original: 泉大津大型専用PA<br/>Romaji: Izumiotsu Large Vehicles Only<br/>Source: OpenStreetMap-derived japan_pois.py]]></description><Point><coordinates>135.3870815,34.5021131,0</coordinates></Point></Placemark>
<Placemark><name>大府PA (下り) (Obu PA (Kudari))</name><description><![CDATA[Original: 大府PA (下り)<br/>Romaji: Obu<br/>Source: OpenStreetMap-derived japan_pois.py]]></description><Point><coordinates>136.9337836,35.0309399,0</coordinates></Point></Placemark>
<Placemark><name>九十百千(kotomochi)</name><description><![CDATA[Original: 九十百千(kotomochi)<br/>Romaji: (not confidently available)<br/>Source: OpenStreetMap-derived japan_pois.py]]></description><Point><coordinates>135.9277117,35.6023175,0</coordinates></Point></Placemark>
<Placemark><name>飛驒河合PA (下り) (Hida-Kawai PA (Kudari))</name><description><![CDATA[Original: 飛驒河合PA (下り)<br/>Romaji: Hida-Kawai<br/>Source: OpenStreetMap-derived japan_pois.py]]></description><Point><coordinates>137.0023806,36.2251086,0</coordinates></Point></Placemark>
<Placemark><name>別所PA (下り) (Bessho PA (Kudari))</name><description><![CDATA[Original: 別所PA (下り)<br/>Romaji: Bessho<br/>Source: OpenStreetMap-derived japan_pois.py]]></description><Point><coordinates>134.7523604,34.7992858,0</coordinates></Point></Placemark>
<Placemark><name>別所PA (上り) (Bessho PA (Nobori))</name><description><![CDATA[Original: 別所PA (上り)<br/>Romaji: Bessho<br/>Source: OpenStreetMap-derived japan_pois.py]]></description><Point><coordinates>134.7506308,34.8008437,0</coordinates></Point></Placemark>
<Placemark><name>姫路SA (Himeji SA)</name><description><![CDATA[Original: 姫路SA<br/>Romaji: Himeji<br/>Source: OpenStreetMap-derived japan_pois.py]]></description><Point><coordinates>134.6330653,34.8284913,0</coordinates></Point></Placemark>
<Placemark><name>きのこ王国</name><description><![CDATA[Original: きのこ王国<br/>Romaji: (not confidently available)<br/>Source: OpenStreetMap-derived japan_pois.py]]></description><Point><coordinates>141.1271441,42.6984737,0</coordinates></Point></Placemark>
<Placemark><name>らっせいみさと (rasseimisato)</name><description><![CDATA[Original: らっせいみさと<br/>Romaji: rasseimisato<br/>Source: OpenStreetMap-derived japan_pois.py]]></description><Point><coordinates>137.3588194,35.4056430,0</coordinates></Point></Placemark>
<Placemark><name>山路PA (下り) (Yamaji PA (Kudari))</name><description><![CDATA[Original: 山路PA (下り)<br/>Romaji: Yamaji<br/>Source: OpenStreetMap-derived japan_pois.py]]></description><Point><coordinates>130.8476581,33.8598343,0</coordinates></Point></Placemark>
<Placemark><name>高峰SA (下り) (Takamine SA (Kudari))</name><description><![CDATA[Original: 高峰SA (下り)<br/>Romaji: Takamine<br/>Source: OpenStreetMap-derived japan_pois.py]]></description><Point><coordinates>135.8853416,34.6140760,0</coordinates></Point></Placemark>
<Placemark><name>小侍PA (上り) (Kozamurai PA (Nobori))</name><description><![CDATA[Original: 小侍PA (上り)<br/>Romaji: Kozamurai<br/>Source: OpenStreetMap-derived japan_pois.py]]></description><Point><coordinates>130.0945596,33.3016451,0</coordinates></Point></Placemark>
<Placemark><name>小侍PA (下り) (Kozamurai PA (Kudari))</name><description><![CDATA[Original: 小侍PA (下り)<br/>Romaji: Kozamurai<br/>Source: OpenStreetMap-derived japan_pois.py]]></description><Point><coordinates>130.0944593,33.3012159,0</coordinates></Point></Placemark>
<Placemark><name>羽島PA (下り) (Hashima PA (Kudari))</name><description><![CDATA[Original: 羽島PA (下り)<br/>Romaji: Hashima<br/>Source: OpenStreetMap-derived japan_pois.py]]></description><Point><coordinates>136.7126505,35.3005392,0</coordinates></Point></Placemark>
<Placemark><name>荒川PA (下り) (Arakawa PA (Kudari))</name><description><![CDATA[Original: 荒川PA (下り)<br/>Romaji: Arakawa<br/>Source: OpenStreetMap-derived japan_pois.py]]></description><Point><coordinates>139.4236115,38.1393457,0</coordinates></Point></Placemark>
<Placemark><name>桜島SA (下り) (Sakurajima SA (Kudari))</name><description><![CDATA[Original: 桜島SA (下り)<br/>Romaji: Sakurajima<br/>Source: OpenStreetMap-derived japan_pois.py]]></description><Point><coordinates>130.6154147,31.7263972,0</coordinates></Point></Placemark>
<Placemark><name>尼崎PA (上り) (Amagasaki PA (Nobori))</name><description><![CDATA[Original: 尼崎PA (上り)<br/>Romaji: Amagasaki<br/>Source: OpenStreetMap-derived japan_pois.py]]></description><Point><coordinates>135.4187898,34.7137957,0</coordinates></Point></Placemark>
<Placemark><name>八尾PA (上り) (Yao PA (Nobori))</name><description><![CDATA[Original: 八尾PA (上り)<br/>Romaji: Yao<br/>Source: OpenStreetMap-derived japan_pois.py]]></description><Point><coordinates>135.5825874,34.6313486,0</coordinates></Point></Placemark>
<Placemark><name>亀山PA (下り) (Kameyama PA (Kudari))</name><description><![CDATA[Original: 亀山PA (下り)<br/>Romaji: Kameyama<br/>Source: OpenStreetMap-derived japan_pois.py]]></description><Point><coordinates>136.4160221,34.8671254,0</coordinates></Point></Placemark>
<Placemark><name>一宮PA (Ichinomiya PA)</name><description><![CDATA[Original: 一宮PA<br/>Romaji: Ichinomiya<br/>Source: OpenStreetMap-derived japan_pois.py]]></description><Point><coordinates>140.3902347,35.3936329,0</coordinates></Point></Placemark>
<Placemark><name>岡崎SA (Okazaki SA)</name><description><![CDATA[Original: 岡崎SA<br/>Romaji: Okazaki<br/>Source: OpenStreetMap-derived japan_pois.py]]></description><Point><coordinates>137.2215597,35.0344256,0</coordinates></Point></Placemark>
<Placemark><name>海老名SA (上り) (Ebina SA (Nobori))</name><description><![CDATA[Original: 海老名SA (上り)<br/>Romaji: Ebina<br/>Source: OpenStreetMap-derived japan_pois.py]]></description><Point><coordinates>139.3992593,35.4322254,0</coordinates></Point></Placemark>
<Placemark><name>川登SA (下り) (Kawanobori SA (Kudari))</name><description><![CDATA[Original: 川登SA (下り)<br/>Romaji: Kawanobori<br/>Source: OpenStreetMap-derived japan_pois.py]]></description><Point><coordinates>130.0172491,33.1599403,0</coordinates></Point></Placemark>
<Placemark><name>大津SA (上り) (Otsu SA (Nobori))</name><description><![CDATA[Original: 大津SA (上り)<br/>Romaji: Otsu<br/>Source: OpenStreetMap-derived japan_pois.py]]></description><Point><coordinates>135.8697578,34.9972241,0</coordinates></Point></Placemark>
<Placemark><name>中島PA (下り) (Nakajima PA (Kudari))</name><description><![CDATA[Original: 中島PA (下り)<br/>Romaji: Nakajima<br/>Source: OpenStreetMap-derived japan_pois.py]]></description><Point><coordinates>135.4105520,34.6903303,0</coordinates></Point></Placemark>
<Placemark><name>由比PA (上り) (Yui PA (Nobori))</name><description><![CDATA[Original: 由比PA (上り)<br/>Romaji: Yui<br/>Source: OpenStreetMap-derived japan_pois.py]]></description><Point><coordinates>138.5461066,35.0774931,0</coordinates></Point></Placemark>
<Placemark><name>粒江PA (下り) (Ryu-e PA (Kudari))</name><description><![CDATA[Original: 粒江PA (下り)<br/>Romaji: Ryu-e<br/>Source: OpenStreetMap-derived japan_pois.py]]></description><Point><coordinates>133.7999782,34.5427832,0</coordinates></Point></Placemark>
<Placemark><name>粒江PA (上り) (Ryu-e PA (Nobori))</name><description><![CDATA[Original: 粒江PA (上り)<br/>Romaji: Ryu-e<br/>Source: OpenStreetMap-derived japan_pois.py]]></description><Point><coordinates>133.7994256,34.5454510,0</coordinates></Point></Placemark>
<Placemark><name>京田辺PA (下り) (Kyotanabe PA (Kudari))</name><description><![CDATA[Original: 京田辺PA (下り)<br/>Romaji: Kyotanabe<br/>Source: OpenStreetMap-derived japan_pois.py]]></description><Point><coordinates>135.7234012,34.8356911,0</coordinates></Point></Placemark>
<Placemark><name>京田辺PA (上り) (Kyotanabe PA (Nobori))</name><description><![CDATA[Original: 京田辺PA (上り)<br/>Romaji: Kyotanabe<br/>Source: OpenStreetMap-derived japan_pois.py]]></description><Point><coordinates>135.7235663,34.8332049,0</coordinates></Point></Placemark>
<Placemark><name>湊町PA (上り) (Minatomachi PA (Nobori))</name><description><![CDATA[Original: 湊町PA (上り)<br/>Romaji: Minatomachi<br/>Source: OpenStreetMap-derived japan_pois.py]]></description><Point><coordinates>135.4958913,34.6684175,0</coordinates></Point></Placemark>
<Placemark><name>矢引PA (上り) (Yabiki PA (Nobori))</name><description><![CDATA[Original: 矢引PA (上り)<br/>Romaji: Yabiki<br/>Source: OpenStreetMap-derived japan_pois.py]]></description><Point><coordinates>139.7210028,38.7025434,0</coordinates></Point></Placemark>
<Placemark><name>京橋PA (下り) (Kyobashi PA (Kudari))</name><description><![CDATA[Original: 京橋PA (下り)<br/>Romaji: Kyobashi<br/>Source: OpenStreetMap-derived japan_pois.py]]></description><Point><coordinates>135.1956537,34.6853228,0</coordinates></Point></Placemark>
<Placemark><name>京橋PA (上り) (Kyobashi PA (Nobori))</name><description><![CDATA[Original: 京橋PA (上り)<br/>Romaji: Kyobashi<br/>Source: OpenStreetMap-derived japan_pois.py]]></description><Point><coordinates>135.1958715,34.6852092,0</coordinates></Point></Placemark>
<Placemark><name>砂川ハイウェイオアシス</name><description><![CDATA[Original: 砂川ハイウェイオアシス<br/>Romaji: (not confidently available)<br/>Source: OpenStreetMap-derived japan_pois.py]]></description><Point><coordinates>141.9297989,43.5231147,0</coordinates></Point></Placemark>
<Placemark><name>一ツ葉PA (下り) (Hitotsuba PA (Kudari))</name><description><![CDATA[Original: 一ツ葉PA (下り)<br/>Romaji: Hitotsuba<br/>Source: OpenStreetMap-derived japan_pois.py]]></description><Point><coordinates>131.4788314,31.9677750,0</coordinates></Point></Placemark>
<Placemark><name>梅田ふるさとセンター</name><description><![CDATA[Original: 梅田ふるさとセンター<br/>Romaji: (not confidently available)<br/>Source: OpenStreetMap-derived japan_pois.py]]></description><Point><coordinates>139.4109093,36.4990418,0</coordinates></Point></Placemark>
<Placemark><name>湾岸長島PA (下り) (Wangan-Nagashima PA (Kudari))</name><description><![CDATA[Original: 湾岸長島PA (下り)<br/>Romaji: Wangan-Nagashima<br/>Source: OpenStreetMap-derived japan_pois.py]]></description><Point><coordinates>136.7311966,35.0361996,0</coordinates></Point></Placemark>
<Placemark><name>輝るぽーと安田</name><description><![CDATA[Original: 輝るぽーと安田<br/>Romaji: (not confidently available)<br/>Source: OpenStreetMap-derived japan_pois.py]]></description><Point><coordinates>133.9805070,33.4364714,0</coordinates></Point></Placemark>
<Placemark><name>岡山トラックステーション</name><description><![CDATA[Original: 岡山トラックステーション<br/>Romaji: (not confidently available)<br/>Source: OpenStreetMap-derived japan_pois.py]]></description><Point><coordinates>133.9724575,34.6379975,0</coordinates></Point></Placemark>
<Placemark><name>長船サービスエリア</name><description><![CDATA[Original: 長船サービスエリア<br/>Romaji: (not confidently available)<br/>Source: OpenStreetMap-derived japan_pois.py]]></description><Point><coordinates>134.1045954,34.7250229,0</coordinates></Point></Placemark>
<Placemark><name>南陽PA (上り) (Nanyo PA (Nobori))</name><description><![CDATA[Original: 南陽PA (上り)<br/>Romaji: Nanyo<br/>Source: OpenStreetMap-derived japan_pois.py]]></description><Point><coordinates>140.1945389,38.0754409,0</coordinates></Point></Placemark>
<Placemark><name>南陽PA (下り) (Nanyo PA (Kudari))</name><description><![CDATA[Original: 南陽PA (下り)<br/>Romaji: Nanyo<br/>Source: OpenStreetMap-derived japan_pois.py]]></description><Point><coordinates>140.1938057,38.0760111,0</coordinates></Point></Placemark>
<Placemark><name>臨時PA (Rinji PA)</name><description><![CDATA[Original: 臨時PA<br/>Romaji: Rinji<br/>Source: OpenStreetMap-derived japan_pois.py]]></description><Point><coordinates>136.4759878,34.9114335,0</coordinates></Point></Placemark>
<Placemark><name>やすらぎの里しもつま</name><description><![CDATA[Original: やすらぎの里しもつま<br/>Romaji: (not confidently available)<br/>Source: OpenStreetMap-derived japan_pois.py]]></description><Point><coordinates>139.9925450,36.1492640,0</coordinates></Point></Placemark>
<Placemark><name>中島PA (上り) (Nakajima PA (Nobori))</name><description><![CDATA[Original: 中島PA (上り)<br/>Romaji: Nakajima<br/>Source: OpenStreetMap-derived japan_pois.py]]></description><Point><coordinates>135.4110897,34.6906764,0</coordinates></Point></Placemark>
<Placemark><name>泉PA (下り) (Izumi PA (Kudari))</name><description><![CDATA[Original: 泉PA (下り)<br/>Romaji: Izumi<br/>Source: OpenStreetMap-derived japan_pois.py]]></description><Point><coordinates>140.8547413,38.3288295,0</coordinates></Point></Placemark>
<Placemark><name>はなさかドライブイン (hanasakadoraibuin)</name><description><![CDATA[Original: はなさかドライブイン<br/>Romaji: hanasakadoraibuin<br/>Source: OpenStreetMap-derived japan_pois.py]]></description><Point><coordinates>135.5371538,34.2180886,0</coordinates></Point></Placemark>
<Placemark><name>まちなみの駅みたに</name><description><![CDATA[Original: まちなみの駅みたに<br/>Romaji: (not confidently available)<br/>Source: OpenStreetMap-derived japan_pois.py]]></description><Point><coordinates>135.5192915,34.2902410,0</coordinates></Point></Placemark>
<Placemark><name>まちなみの駅みたに</name><description><![CDATA[Original: まちなみの駅みたに<br/>Romaji: (not confidently available)<br/>Source: OpenStreetMap-derived japan_pois.py]]></description><Point><coordinates>135.5196610,34.2904647,0</coordinates></Point></Placemark>
</Document></kml>